"";"Biospheric-1biospheric";"Biospheric-2biospheric";"Biospheric-3biospheric";"Biospheric-4biospheric";"commCheck";"concernClimate1";"concernClimate2";"dummy_informedconsent";"education";"feedback_critic";"ID";"lrscale";"mean_BiosphericValues";"mean_CCCprobability";"mean_CET";"mean_PolicyItems";"mean_RiskPerception";"meta.devicePixelRatio";"meta.language";"meta.locale";"meta.platform";"meta.screen_height";"meta.screen_width";"meta.scroll_height";"meta.scroll_width";"meta.timeZone";"meta.timezoneOffset";"meta.userAgent";"meta.window_innerHeight";"meta.window_innerWidth";"policyItems-1";"policyItems-2";"policyItems-3";"policyItems-4";"policyItems-5";"policyItems-6";"policyItems-7";"policyItems-8";"probabilityClimate1";"probabilityClimate2";"PROLIFIC_PID";"Risk-1riskProb";"Risk-2riskProb";"Risk-3riskProb";"Risk-4riskProb";"rlgdgr";"CAM_ID";"participantCAM";"mean_valence_macro";"mean_valence_normed_macro";"density_macro";"transitivity_macro";"centr_degree_macro";"centr_clo_macro";"centr_betw_macro";"centr_eigen_macro";"meanDistance_directed_macro";"meanDistance_undirected_macro";"diameter_weighted_undirected_macro";"diameter_unweighted_undirected_macro";"diameter_unweighted_directed_macro";"num_nodes_macro";"num_nodes_pos_macro";"num_nodes_neg_macro";"num_nodes_neut_macro";"num_nodes_ambi_macro";"num_edges_macro";"num_edges_solid_macro";"num_edges_dashed_macro";"num_edges_invaliddashed_macro";"meanWeightEdges_macro";"reciprocity_macro";"assortativity_valence_macro";"assortativityDegree_macro";"degreetot_micro_ClimateChange";"valence_micro_ClimateChange";"centr_clo_micro_ClimateChange";"transitivity_micro_ClimateChange";"country"
"1";7;8;8;7;1;6;4;1;"no";"";1;"11";7,5;5;0,2;2,125;6;1;"de";"de-DE";"Linux x86_64";1200;1920;435;1850;"Europe/Berlin";-60;"Mozilla/5.0 (X11; Ubuntu; Linux x86_64; rv:109.0) Gecko/20100101 Firefox/118.0";1054;1850;2;1;3;1;2;3;2;3;4;6;"65410ad762a7e3c570b6273c";6;6;6;6;"8";"ac65f89b-77aa-4a16-9186-0ce6d4964205";"noID";-0,181818181818182;-0,136363636363636;0,0606060606060606;0,201923076923077;0,136054421768707;0,465901800419164;0,373015873015873;0,740385687575861;2,13333333333333;2,59307359307359;4;4;3;22;7;10;1;4;28;28;0;0;1;0;0,0604982206405691;-0,325385694249649;8;0;1;0,25;"Germany"
"2";9;9;9;7;1;7;7;1;"master";"Ein sehr wichtiges Thema. Viel Glück!";2;"1";8,5;6,5;0,16;5,375;6;1;"en-US";"en-US";"Win32";1080;1920;435;1920;"Europe/Berlin";-60;"Mozilla/5.0 (Windows NT 10.0; Win64; x64) AppleWebKit/537.36 (KHTML, like Gecko) Chrome/120.0.0.0 Safari/537.36";931;1920;7;5;4;5;7;4;5;6;5;7;"6053d1011605ac6f3164bc99";7;7;5;5;"2";"96328cf1-ed80-4289-8795-233d93caf8db";"noID";-0,461538461538462;-0,153846153846154;0,102564102564103;0,153846153846154;0,204861111111111;0,559313435745992;0,672348484848485;0,703963141454436;3,57894736842105;4,69230769230769;12;4;4;13;5;7;0;1;16;13;3;1;2,25;0;-0,28735632183908;-0,299719887955182;7;-3;1;0,0952380952380952;"Germany"
"3";8;8;9;7;1;7;6;1;"phd";"Viel Glück bei Ihrer Recherche";3;"6";8;5,75;0,92;5,25;5,75;1;"en-US";"tr-TR";"Win32";768;1366;435;1318;"Europe/Berlin";-60;"Mozilla/5.0 (Windows NT 10.0; Win64; x64) AppleWebKit/537.36 (KHTML, like Gecko) Chrome/120.0.0.0 Safari/537.36 Edg/120.0.0.0";654;1318;7;7;6;2;7;5;3;5;4;6;"65465caa5dcdb76a16d563b3";6;6;7;4;"2";"89fab424-c113-46a2-a10f-aceb3b9f81e8";"noID";-0,0769230769230769;0,0769230769230769;0,0833333333333333;0,125;0,135416666666667;0,43252399995614;0,650252525252525;0,645972914443285;4,18181818181818;5,44871794871795;10;5;4;13;7;6;0;0;13;9;4;1;2,07692307692308;0;0,23076923076923;-0,552777777777778;5;3;1;0;"Germany"
"4";7;8;8;7;1;5;5;1;"master";"";4;"6";7,5;5,5;0,6;5;5,25;1;"de-DE";"de";"MacIntel";768;1366;179;1366;"Europe/Berlin";-60;"Mozilla/5.0 (Macintosh; Intel Mac OS X 10_15_7) AppleWebKit/537.36 (KHTML, like Gecko) Chrome/116.0.0.0 Safari/537.36 OPR/102.0.0.0";768;1366;7;1;6;6;6;2;6;6;5;7;"5d6fda2bde432b0019b19ba7";6;6;4;5;"5";"3265d161-73e2-49c1-adb5-4fc6753d1458";"noID";-0,846153846153846;-0,230769230769231;0,0769230769230769;0;0,142361111111111;0,452642894799214;0,674242424242424;0,725631450428008;4,51724137931035;6,46153846153846;12;5;4;13;4;7;2;0;12;11;1;0;2,25;0;0,132530120481927;-0,244147157190635;5;0;1;0;"Germany"
"5";9;9;9;8;1;7;7;1;"highschool";"";5;"2";8,75;7;0,04;6,375;7;1,125;"de";"de-DE";"Win32";720;1280;436;1696;"Europe/Berlin";-60;"Mozilla/5.0 (Windows NT 10.0; Win64; x64) AppleWebKit/537.36 (KHTML, like Gecko) Chrome/119.0.0.0 Safari/537.36 Edg/119.0.0.0";808;1696;7;6;7;7;7;6;6;5;7;7;"60fd19bb0d1f1d54adccc4fa";7;7;7;7;"1";"9ecd3093-30bb-42f3-b8bd-3e02ba94e179";"noID";-0,666666666666667;-0,166666666666667;0,0984848484848485;0,15;0,0909090909090909;0,426021658027783;0,573553719008264;0,582157614496779;4,03571428571429;6,40909090909091;14;5;3;12;3;5;0;4;13;13;0;1;2,23076923076923;0;-0,350649350649351;-0,172932330827068;4;-3;1;0;"Germany"
"6";9;5;7;7;1;2;4;1;"master";"";6;"8";7;2,5;1;4,125;3;1;"en-US";"en-US";"Win32";1080;1920;179;1920;"Europe/Berlin";-60;"Mozilla/5.0 (Windows NT 10.0; Win64; x64; rv:109.0) Gecko/20100101 Firefox/119.0";927;1920;7;3;5;1;6;1;7;3;1;3;"650a5cc55e8ddf8bae0b81fb";5;4;1;2;"1";"5b5bbdca-3a16-4d28-8cd5-0fe011e4791c";"noID";-0,923076923076923;-0,384615384615385;0,0769230769230769;0;0,277777777777778;0,68363834422658;0,869949494949495;0,773094881687657;3,39130434782609;4,97435897435897;11;4;3;13;2;7;1;3;12;12;0;0;2,16666666666667;0;-0,0500000000000006;-0,554083885209713;8;0;1;0;"Germany"
"7";6;6;6;6;1;5;5;1;"bachelor";"";7;"5";6;4,5;0,44;3,75;4,5;1;"en-US";"en-US";"Win32";768;1366;435;1366;"Europe/Berlin";-60;"Mozilla/5.0 (Windows NT 10.0; Win64; x64) AppleWebKit/537.36 (KHTML, like Gecko) Chrome/120.0.0.0 Safari/537.36";651;1366;5;3;4;3;5;4;3;3;4;4;"6546ae64283c55141ad64787";5;5;4;4;"8";"8120cee9-8651-4109-a700-a43c9365d39c";"noID";-0,25;-0,0833333333333333;0,0909090909090909;0,125;0,198347107438017;0,594534639933122;0,79504132231405;0,699294993705929;3,6;5,57575757575758;11;4;3;12;5;6;1;0;12;11;1;1;2,25;0;0,132530120481927;-0,428571428571429;6;0;1;0;"Germany"
"8";7;7;9;6;1;6;5;1;"highschool";"Vorab, danke für die Studie. Ich möchte Ihnen ein paar Besserungsvorschläge geben. Bei der Erklärung zu der Mind-Map, falls es möglich wäre das man auch die Tasten A und D zum rückwärts und vorwärts bewegen der Seite benutzen kann, wäre dies wahrscheinlich hilfreich bzw. angenehmer, da nicht jede Tastatur gut erreichbare Pfeiltasten hat.
Zum Mind-Map Aspekt an sich möchte ich vorallem Feedback geben. Leider habe ich mich durch das Zeitlimit von 15 Minuten eher unter Druck gesetzt gefühlt, weil während der Aufgabe kein Timer sichtbar war und die Studie im Vollbildmodus auch meine Desktop-Uhr verdeckt hat. Wenn Sie für Ihre nächste Studie einen sichtbaren Timer hinzufügen können, wäre dies sehr hilfreich. Vielen Dank und ich wünsche Ihnen viel Erfolg bei Ihrer Forschung!";8;"8";7,25;6;0,68;5,75;5,75;1;"en-US";"de";"Win32";1080;1920;435;1534;"Europe/Berlin";-60;"Mozilla/5.0 (Windows NT 10.0; Win64; x64) AppleWebKit/537.36 (KHTML, like Gecko) Chrome/117.0.0.0 Safari/537.36";864;1534;7;6;7;6;7;2;5;6;6;7;"6427068bce4fc1aa335ad025";6;7;5;5;"2";"0f77c54c-4983-46b9-92fb-8abd07a5893b";"noID";0,0769230769230769;0,153846153846154;0,102564102564103;0,0967741935483871;0,0694444444444444;0,349726059805577;0,400673400673401;0,500192378324205;3,01754385964912;2,78205128205128;5;5;6;13;6;4;2;1;16;16;0;0;1,125;0;-0,116279069767442;-0,129411764705882;4;0;1;0;"Germany"
"9";9;7;4;9;1;3;5;1;"highschool";"Ich fand es sehr interessant und auch das mit den Bonuszahlungen nett geregelt";9;"9";7,25;3,25;1;3,5;4;1,25;"en-US";"de-DE";"Win32";864;1536;436;1528;"Europe/Berlin";-60;"Mozilla/5.0 (Windows NT 10.0; Win64; x64) AppleWebKit/537.36 (KHTML, like Gecko) Chrome/120.0.0.0 Safari/537.36 Edg/120.0.0.0";716;1528;7;1;6;1;4;1;1;7;3;2;"653128a510c3e3686565e042";2;3;6;5;"10";"b8dfdbea-30d5-478f-bdf2-3e20e3b0c4e6";"noID";-2,28571428571429;-0,714285714285714;0,0824175824175824;0,12;0,0769230769230769;0,358291208266298;0,494082840236686;0,666196636655317;6,01694915254237;6,07692307692308;15;6;6;14;1;11;1;1;15;13;2;1;2,13333333333333;0;-0,363636363636367;-0,224489795918368;3;-3;0,862068965517241;0;"Germany"
"10";5;2;2;8;1;1;1;1;"master";"";10;"11";4,25;1,25;1;1;1,25;1;"de-DE";"de";"Win32";1080;1920;435;1879;"Europe/Berlin";-60;"Mozilla/5.0 (Windows NT 10.0; Win64; x64) AppleWebKit/537.36 (KHTML, like Gecko) Chrome/118.0.0.0 Safari/537.36 OPR/104.0.0.0";939;1879;1;1;1;1;1;1;1;1;1;2;"5c258d9a3217420001e6bdf4";1;1;1;2;"1";"f417fa93-f809-4e7b-9e56-8ce891866f75";"noID";0,461538461538462;0,153846153846154;0,0833333333333333;0,142857142857143;0,0902777777777778;0,397276518742646;0,491161616161616;0,668761059958336;6,05714285714286;7,69230769230769;14;5;5;13;7;5;0;1;13;8;5;2;2,61538461538462;0;-0,045576407506701;0,0630630630630631;4;2;1;0,166666666666667;"Germany"
"11";8;7;7;7;1;5;5;1;"highschool";"";11;"5";7,25;5;0,56;4;5,25;2;"tr-TR";"tr-TR";"MacIntel";956;1470;435;1324;"Europe/Berlin";-60;"Mozilla/5.0 (Macintosh; Intel Mac OS X 10_15_7) AppleWebKit/605.1.15 (KHTML, like Gecko) Version/17.1.2 Safari/605.1.15";762;1324;7;6;4;2;6;3;2;2;4;6;"6524e0ef44178670528207b7";6;5;5;5;"3";"68cfe374-e593-4d67-a20b-26405c0cbc8c";"noID";-1,07692307692308;-0,461538461538462;0,0833333333333333;0;0,40625;0,888447695999016;0,948863636363636;0,764343752206627;2,39024390243902;2,66666666666667;6;3;2;13;3;9;1;0;13;13;0;0;1,38461538461538;0;-0,733333333333334;-0,804705882352941;11;0;1;0;"Germany"
"12";6;8;7;7;1;5;4;1;"no";"";12;"3";7;5;0,56;5;5;1;"de";"de-DE";"Win32";1080;1920;179;1920;"Europe/Berlin";-60;"Mozilla/5.0 (Windows NT 10.0; Win64; x64; rv:120.0) Gecko/20100101 Firefox/120.0";899;1920;7;5;4;7;6;1;4;6;4;7;"65391c7ecf65866247606910";6;6;3;5;"1";"77b3cb53-933f-4bb4-b7de-ebd5ddc15db7";"noID";-0,25;-0,125;0,0916666666666667;0,0857142857142857;0,222222222222222;0,344849198771518;0,468359788359788;0,689824832853583;3,72602739726027;4,24166666666667;8;5;5;16;5;7;1;3;22;15;7;2;2,04545454545455;0;-0,385185185185184;-0,516579406631763;3;0;0,892857142857143;0;"Germany"
"13";6;9;9;4;1;7;7;1;"highschool";"";13;"1";7;6,75;0,52;5,875;6,5;1;"de-DE";"de";"Win32";1080;1920;435;1920;"Europe/Berlin";-60;"Mozilla/5.0 (Windows NT 10.0; Win64; x64) AppleWebKit/537.36 (KHTML, like Gecko) Chrome/120.0.0.0 Safari/537.36";959;1920;7;5;7;6;7;1;7;7;6;7;"64ef6d994d6b1f11074bdfcf";7;7;5;7;"2";"845f9a37-d525-46da-b92f-d77518b39a01";"noID";-1,78571428571429;-0,571428571428571;0,0714285714285714;0;0,0887573964497041;0,341031277621625;0,525641025641026;0,644501139690758;4,5;8,17582417582418;15;5;3;14;2;10;0;2;13;11;2;0;2,69230769230769;0;-0,0263157894736834;-0,544061302681992;4;-3;1;0;"Germany"
"14";9;9;9;9;1;6;5;1;"bachelor";"";14;"6";9;6;0,52;3,375;5,25;1;"de-DE";"de";"Win32";1440;2560;435;2560;"Europe/Berlin";-60;"Mozilla/5.0 (Windows NT 10.0; Win64; x64) AppleWebKit/537.36 (KHTML, like Gecko) Chrome/120.0.0.0 Safari/537.36";1315;2560;7;1;7;2;7;1;1;1;7;6;"65426792dac360c44e4908a7";6;7;5;3;"9";"8395cebf-99fe-4722-bb52-6df91f3511f6";"noID";-0,846153846153846;-0,461538461538462;0,0769230769230769;0;0,458333333333333;1;1;0,775990762260204;1,625;1,84615384615385;2;2;2;13;2;8;3;0;12;12;0;0;1;0;-0,6;-1;12;0;1;0;"Germany"
"15";9;9;9;9;1;6;4;1;"phd";"Vielen Dank";15;"6";9;5,75;0,36;4,25;6;2;"de-DE";"tr";"MacIntel";800;1280;435;1280;"Europe/Berlin";-60;"Mozilla/5.0 (Macintosh; Intel Mac OS X 10_15_7) AppleWebKit/537.36 (KHTML, like Gecko) Chrome/120.0.0.0 Safari/537.36";683;1280;7;2;6;1;7;6;1;4;6;7;"6526b4db08c36959a00e69c4";6;7;6;5;"6";"4aab4dba-a536-4b34-ab9a-3ce26f747329";"noID";0,285714285714286;0,0714285714285714;0,0714285714285714;0;0,420118343195266;0,908437627187627;0,97534516765286;0,786061490699736;1,73469387755102;1,97802197802198;3;3;2;14;6;5;2;1;13;13;0;4;1;0;-0,376947040498444;-0,875856509471987;12;3;1;0;"Germany"
"16";9;8;8;7;1;6;5;1;"bachelor";"";16;"5";8;6;0,2;5,875;6,75;1;"de";"de-DE";"Win32";1080;1920;435;1858;"Europe/Berlin";-60;"Mozilla/5.0 (Windows NT 10.0; Win64; x64; rv:120.0) Gecko/20100101 Firefox/120.0";967;1858;6;5;7;7;7;1;7;7;6;7;"6467da9866656b457f1f35ae";7;7;6;7;"2";"f6425716-e339-410e-9532-5bc990d91ebb";"noID";-1,07692307692308;-0,384615384615385;0,121794871794872;0,276315789473684;0,364583333333333;0,838410642387915;0,80050505050505;0,709420082516952;3,42592592592593;3,47435897435897;8;3;3;13;2;7;0;4;19;13;6;4;1,78947368421053;0;0,540322580645161;-0,465277777777778;11;-3;1;0,127272727272727;"Germany"
"17";8;8;7;9;1;6;5;1;"highschool";"";17;"8";8;5;1;4,875;4,25;1;"de-DE";"de";"Win32";972;1907;435;1904;"Europe/Berlin";-60;"Mozilla/5.0 (Windows NT 10.0; Win64; x64) AppleWebKit/537.36 (KHTML, like Gecko) Chrome/120.0.0.0 Safari/537.36";972;1904;5;1;6;7;5;3;6;6;3;6;"6558c850ec1a05d63f1d04c6";6;6;2;3;"1";"63a2c6ea-2acd-420e-b3b0-5687c9ded51e";"noID";-1,28571428571429;-0,428571428571429;0,0879120879120879;0;0,112426035502959;0,450066079162147;0,594345825115056;0,638420955427258;5,56818181818182;4,45054945054945;11;5;6;14;4;10;0;0;16;15;1;0;2,0625;0;0,817142857142857;-0,288590604026846;5;-3;1;0;"Germany"
"18";9;9;9;8;1;7;6;1;"no";"";18;"6";8,75;6,5;0,12;5,75;6,5;1;"de-DE";"de";"Win32";1080;1920;435;1920;"Europe/Berlin";-60;"Mozilla/5.0 (Windows NT 10.0; Win64; x64) AppleWebKit/537.36 (KHTML, like Gecko) Chrome/120.0.0.0 Safari/537.36";911;1920;7;5;7;6;7;4;5;5;6;7;"63c658437791ac7be49f06e9";7;7;6;6;"7";"8006c680-19c4-47ba-96bd-2d33b319a5de";"noID";-0,692307692307692;-0,230769230769231;0,121794871794872;0,382978723404255;0,138888888888889;0,394610348573853;0,465909090909091;0,680072743191452;1,64102564102564;2,43589743589744;5;5;4;13;3;6;1;3;19;19;0;0;1;0;0,489247311827957;-0,135869565217392;5;0;1;0,2;"Germany"
"19";7;8;8;5;1;6;4;1;"master";"Vielleicht wäre ein Timer für die Mindmap, der optional angezeigt werden kann, ganz nett. Ansonsten sehr interressante und schöne Studie. Ich wünsche ihnen viel Erfolg bei der Veröffentlichung. :)";19;"4";7;5,5;0,64;5,875;5,75;1;"en-US";"en-US";"Linux x86_64";1080;1920;435;1919;"Europe/Berlin";-60;"Mozilla/5.0 (X11; Linux x86_64; rv:120.0) Gecko/20100101 Firefox/120.0";964;1919;7;6;6;6;7;3;7;5;6;6;"6536973604f263f3c70495bf";7;6;4;6;"1";"3b8c1c8c-2179-4cc7-887d-2b4cc9a1f7fb";"noID";-1;-0,466666666666667;0,10952380952381;0,327272727272727;0,0739795918367347;0,184519968704;0,18543956043956;0,583629107664447;5,45205479452055;6,75238095238095;17;7;6;15;4;11;0;0;23;13;10;0;2,34782608695652;0;-0,12745098039215;-0,0267857142857135;2;-2;0,882352941176471;0;"Germany"
"20";9;7;8;7;1;7;6;1;"highschool";"";20;"4";7,75;6,75;0,8;5,875;6,5;2;"de-DE";"de";"MacIntel";900;1440;435;1440;"Europe/Berlin";-60;"Mozilla/5.0 (Macintosh; Intel Mac OS X 10_15_7) AppleWebKit/537.36 (KHTML, like Gecko) Chrome/119.0.0.0 Safari/537.36";790;1440;7;4;5;7;7;4;7;6;7;7;"6516d540a78298897619e273";7;7;6;6;"1";"c2aedf55-1eb2-46ef-98eb-02f9b3e3cd44";"noID";-1;-0,266666666666667;0,0714285714285714;0,12;0,114795918367347;0,435027536148953;0,665620094191523;0,745629950527181;5,25714285714286;8,19047619047619;17;6;4;15;4;8;0;3;15;12;3;0;2,6;0;0,250000000000001;-0,0657894736842108;5;0;1;0,1;"Germany"
"21";9;9;9;9;2;2;5;1;"bachelor";"Ich finde diese Arbeit sehr wichtig. Aber ich möchte darauf hinweisen, dass das Thema Klimawandel auch die Ausgaben reicher Menschen umfassen sollte. Beispielweise sollte niemand einen Privatjet haben...";21;"6";9;4;0,84;3,875;5,75;1,25;"de-DE";"de";"Win32";864;1536;436;1536;"Europe/Berlin";-60;"Mozilla/5.0 (Windows NT 10.0; Win64; x64) AppleWebKit/537.36 (KHTML, like Gecko) Chrome/119.0.0.0 Safari/537.36";707;1536;7;6;1;1;7;4;1;4;2;7;"653adf50c2b4d95715fa0383";7;7;5;4;"11";"b551fbc5-44e9-4ebe-8c15-715854c4f414";"noID";-0,357142857142857;-0,142857142857143;0,0714285714285714;0;0,254437869822485;0,657610238202343;0,864891518737673;0,780259303852818;1,72222222222222;3,01098901098901;8;4;2;14;5;7;1;1;13;12;1;1;1,30769230769231;0;-0,309352517985611;-0,464546056991385;8;0;1;0;"Germany"
"22";9;9;9;9;1;6;5;1;"master";"";22;"5";9;5;0,44;4,75;4,5;1;"de-DE";"de";"MacIntel";768;1366;435;1366;"Europe/Berlin";-60;"Mozilla/5.0 (Macintosh; Intel Mac OS X 10_15_7) AppleWebKit/537.36 (KHTML, like Gecko) Chrome/116.0.0.0 Safari/537.36";768;1366;7;3;5;6;7;1;4;5;4;5;"5d43c606773d8b00016eaa8a";5;6;3;4;"6";"ddd3ab72-481d-46b2-8fd8-f48d8edcff36";"noID";-1,2;-0,4;0,0904761904761905;0,243243243243243;0,0943877551020408;0,345272071954462;0,548273155416013;0,630588884715306;3,08333333333333;5,4952380952381;11;6;3;15;4;10;0;1;19;18;1;0;1,89473684210526;0;0,51282051282051;-0,23021582733813;5;-2;1;0,1;"Germany"
"23";7;6;6;7;1;5;5;1;"bachelor";"n/a";23;"5";6,5;5,75;0,76;5;5,75;1;"en-US";"en-US";"Win32";1080;1920;435;958;"Europe/Berlin";-60;"Mozilla/5.0 (Windows NT 10.0; Win64; x64) AppleWebKit/537.36 (KHTML, like Gecko) Chrome/119.0.0.0 Safari/537.36";906;958;6;4;6;5;6;2;5;6;6;7;"6516d321ac5a66a7aef87507";5;6;6;6;"1";"1bd8d6c0-0a58-4d66-a3c4-e40460ae3b85";"noID";-0,0952380952380952;0,0476190476190476;0,05;0;0,105;0,439116941478376;0,738947368421053;0,756250031643445;2,09433962264151;3,23809523809524;6;6;4;21;9;8;1;3;21;20;1;1;1,04761904761905;0;-0,00298507462686499;-0,379783393501805;6;0;1;0;"Germany"
"24";7;8;8;6;1;5;4;1;"master";"";24;"5";7,25;5;1;5,5;5,75;1;"en-US";"de";"MacIntel";1440;3440;435;3352;"Europe/Berlin";-60;"Mozilla/5.0 (Macintosh; Intel Mac OS X 10_15_7) AppleWebKit/537.36 (KHTML, like Gecko) Chrome/119.0.0.0 Safari/537.36";1330;3352;6;5;4;6;6;5;6;6;4;7;"6516d3d61888082c45b2e8b4";7;7;4;5;"2";"48bd4d28-a3d6-4eb0-8855-edb1c4e82b0e";"noID";-0,230769230769231;0,0769230769230769;0,205128205128205;0,524096385542169;0,319444444444444;0,807505150820659;0,449389730639731;0,560429292371735;2,13274336283186;1,58974358974359;2;2;5;13;5;4;0;4;32;32;0;3;1;0;-0,00961908426317815;-0,336048879837067;12;-3;1;0,303030303030303;"Germany"
"25";8;9;8;7;1;7;6;1;"master";"";25;"4";8;6,75;0,84;5,125;6,25;1;"en-US";"en-DE";"Win32";1440;2560;179;2560;"Europe/Berlin";-60;"Mozilla/5.0 (Windows NT 10.0; Win64; x64; rv:120.0) Gecko/20100101 Firefox/120.0";1287;2560;7;6;5;6;7;2;3;5;7;7;"652d1a0830b934d1643b80c5";7;7;5;6;"1";"70ba6b16-7abe-4899-93ba-8f88fe3fa65d";"noID";-0,352941176470588;-0,117647058823529;0,0661764705882353;0,136363636363636;0,1953125;0,558128522818466;0,790104166666667;0,78484168093447;3,76744186046512;6,13235294117647;12;5;3;17;7;9;0;1;18;11;7;2;2,16666666666667;0;0,0548926014319831;-0,193702290076336;8;-3;1;0,0714285714285714;"Germany"
"26";6;6;6;6;1;5;3;1;"master";"";26;"6";6;4,25;1;2,375;5;2;"en-US";"de";"MacIntel";1050;1680;435;1680;"Europe/Berlin";-60;"Mozilla/5.0 (Macintosh; Intel Mac OS X 10_15_7) AppleWebKit/537.36 (KHTML, like Gecko) Chrome/120.0.0.0 Safari/537.36";920;1680;4;4;1;6;1;1;1;1;4;5;"5b0a869f1e55760001b93fa3";4;6;5;5;"1";"91a1ace9-8c9c-4a5c-afdb-e318b32d3985";"noID";0,583333333333333;0,25;0,0909090909090909;0,0526315789473684;0,446280991735537;0,99;0,981818181818182;0,756193060079504;2,66666666666667;2,63636363636364;6;2;2;12;4;1;5;2;12;12;0;0;1,5;0;-0,301204819277109;-0,888;11;0;1;0,0181818181818182;"Germany"
"27";8;8;9;8;1;6;6;1;"master";"";27;"4";8,25;6;0,2;6;6,25;1;"de";"de-DE";"Win32";1440;2560;179;2560;"Europe/Berlin";-60;"Mozilla/5.0 (Windows NT 10.0; Win64; x64; rv:120.0) Gecko/20100101 Firefox/120.0";1307;2560;7;6;7;7;6;5;4;6;5;7;"6458f51ce9dfaceaf66923b7";6;7;5;7;"4";"0de39c15-9493-44ac-aac4-896ded05f44a";"noID";-2,53846153846154;-0,846153846153846;0,108974358974359;0,214285714285714;0,152777777777778;0,34538788855871;0,299452861952862;0,616507512323556;4,67741935483871;6,83333333333333;15;5;3;13;0;11;2;0;17;15;2;0;2,88235294117647;0;-0,133333333333336;-0,319338422391858;5;-3;1;0,2;"Germany"
"28";6;7;7;6;1;6;5;1;"master";"";28;"6";6,5;5,5;0,32;4,75;6,25;2;"de-DE";"de-DE";"MacIntel";900;1440;179;1417;"Europe/Berlin";-60;"Mozilla/5.0 (Macintosh; Intel Mac OS X 10_15_7) AppleWebKit/605.1.15 (KHTML, like Gecko) Version/17.1.2 Safari/605.1.15";740;1417;7;4;7;4;7;2;2;5;4;7;"5d0f89123382180001624f48";7;7;5;6;"10";"3a41389d-5f57-4e2b-bd73-74b2fd814806";"noID";-1;-0,285714285714286;0,0824175824175824;0,12;0,0769230769230769;0,3306626560625;0,527613412228797;0,645274306055327;6,61111111111111;7,91208791208791;15;6;5;14;4;8;0;2;15;13;2;0;2,53333333333333;0;-0,516853932584269;-0,408163265306123;4;-3;1;0,166666666666667;"Germany"
"29";7;7;5;5;1;2;1;1;"master";"";29;"5";6;3;1;3,5;3,75;1;"en-US";"en-US";"Win32";974;1920;435;1920;"Europe/Berlin";-60;"Mozilla/5.0 (Windows NT 10.0; Win64; x64) AppleWebKit/537.36 (KHTML, like Gecko) Chrome/120.0.0.0 Safari/537.36";973;1920;7;1;3;2;6;1;1;7;3;6;"63eb38339e72d01818aeb71b";5;6;1;3;"2";"3f0a3706-8b20-46cc-8e4f-f4271253c4a1";"noID";-1,06666666666667;-0,333333333333333;0,080952380952381;0,0810810810810811;0,181122448979592;0,43521615262358;0,698194662480377;0,754586803847797;2,43103448275862;2,88571428571429;7;7;6;15;4;9;1;1;17;17;0;0;1;0;0,249999999999999;-0,348080133555926;7;0;1;0,0476190476190476;"Germany"
"30";8;9;9;8;1;7;7;1;"highschool";"";30;"1";8,5;7;0;6,125;7;1;"de-DE";"de";"Win32";900;1600;435;1600;"Europe/Berlin";-60;"Mozilla/5.0 (Windows NT 10.0; Win64; x64) AppleWebKit/537.36 (KHTML, like Gecko) Chrome/119.0.0.0 Safari/537.36";743;1600;7;2;7;7;7;5;7;7;7;7;"6516d9bb4dd1c665709ed88a";7;7;7;7;"1";"2057ffef-1d10-4b48-acb0-be1df94d3111";"noID";-1,38888888888889;-0,5;0,0915032679738562;0,192307692307692;0,121107266435986;0,403454015211841;0,396410034602076;0,641618223027374;5,78947368421053;3,87581699346405;9;5;8;18;3;12;2;1;28;26;2;1;1,85714285714286;0;-0,382716049382715;-0,248062015503876;7;-3;1;0,142857142857143;"Germany"
"31";8;6;7;6;1;5;5;1;"master";"";31;"4";6,75;5,25;0,72;4,875;5,75;1,5;"en";"de";"Win32";720;1280;436;1280;"Europe/Berlin";-60;"Mozilla/5.0 (Windows NT 10.0; Win64; x64) AppleWebKit/537.36 (KHTML, like Gecko) Chrome/120.0.0.0 Safari/537.36";571;1280;7;3;7;6;7;2;2;5;5;6;"6554d26c5dae0f7aa6a24b19";7;6;5;5;"1";"713cbc99-763a-44d4-96b0-e91aacb4f33d";"noID";-0,230769230769231;-0,230769230769231;0,128205128205128;0,218181818181818;0,402777777777778;0,918457300275483;0,648989898989899;0,6614982610536;3,28;3,52564102564103;6;2;2;13;5;8;0;0;20;5;15;8;2,05;0;0,0792838874680347;-0,875299760191846;9;-2;0,8;0,222222222222222;"Germany"
"32";7;9;8;7;1;7;5;1;"bachelor";"";32;"2";7,75;6;0,2;6,5;6;1,25;"de-DE";"de";"Win32";864;1536;436;1536;"Europe/Berlin";-60;"Mozilla/5.0 (Windows NT 10.0; Win64; x64) AppleWebKit/537.36 (KHTML, like Gecko) Chrome/119.0.0.0 Safari/537.36";703;1536;7;6;7;7;7;5;6;7;5;7;"6039b30f86b21c537bfb9448";7;7;5;5;"2";"e774e5d7-1ada-4b38-9da3-4eda546cb720";"noID";-1,35714285714286;-0,642857142857143;0,142857142857143;0,247058823529412;0,177514792899408;0,447055839703266;0,386916502301118;0,553590824111047;5,5045045045045;4,34065934065934;9;4;6;14;1;10;0;3;26;23;3;1;2,46153846153846;0;-0,0833333333333354;-0,248199711953912;8;-3;1;0,107142857142857;"Germany"
"33";8;8;9;9;1;5;4;1;"highschool";"";33;"5";8,5;4,5;0,6;5,75;4;2;"de-DE";"de";"MacIntel";900;1440;435;1440;"Europe/Berlin";-60;"Mozilla/5.0 (Macintosh; Intel Mac OS X 10_15_7) AppleWebKit/537.36 (KHTML, like Gecko) Chrome/120.0.0.0 Safari/537.36";694;1440;7;7;7;6;6;3;4;6;3;6;"6304a2502fbdd7626ed9c2ac";5;6;2;3;"1";"ba2e12b9-5816-4c2a-9f75-eae01ad96bdf";"noID";-1,16666666666667;-0,444444444444444;0,0588235294117647;0;0,124567474048443;0,433191554707816;0,698961937716263;0,765545462045814;2,96875;5,73202614379085;13;6;3;18;4;12;0;2;18;7;11;8;2;0;-0,00253164556962227;-0,209905660377358;6;-2;1;0;"Germany"
"34";5;4;3;3;1;2;1;1;"highschool";"";34;"8";3,75;1,5;1;2,375;2,25;1,5;"de-DE";"de";"Win32";720;1280;436;1280;"Europe/Berlin";-60;"Mozilla/5.0 (Windows NT 10.0; Win64; x64) AppleWebKit/537.36 (KHTML, like Gecko) Chrome/119.0.0.0 Safari/537.36";642;1280;5;1;3;1;3;1;1;4;1;2;"65033f53e04273a8ae24c2c7";3;4;1;1;"9";"e44388ba-db08-42b9-a627-7f123dc66c20";"noID";-2,25;-0,75;0,0833333333333333;0;0,107438016528926;0,342434947299078;0,535537190082645;0,679461501597685;3,55;7,59090909090909;16;6;3;12;1;10;1;0;11;1;10;7;2,45454545454545;0;-0,524752475247521;-0,0731707317073171;4;0;1;0;"Germany"
"35";9;9;9;8;1;7;5;1;"highschool";"";35;"3";8,75;6,25;0,48;5,75;6;1,5;"de";"de-DE";"Win32";720;1280;179;1280;"Europe/Berlin";-60;"Mozilla/5.0 (Windows NT 10.0; Win64; x64; rv:120.0) Gecko/20100101 Firefox/120.0";559;1280;7;2;7;7;7;2;7;7;6;7;"652156df21a8be7bb4c6f4e7";7;7;5;5;"4";"17739851-1857-4ce0-a381-db5833e1f9e4";"noID";-1,13333333333333;-0,333333333333333;0,0904761904761905;0,272727272727273;0,13265306122449;0,426977609390256;0,319466248037677;0,65611210916312;4,22222222222222;6,55238095238095;11;4;3;15;4;9;0;2;19;18;1;0;2,78947368421053;0;0,351937984496124;-0,431168831168831;5;-3;1;0,4;"Germany"
"36";8;9;7;9;1;7;6;1;"master";"";36;"6";8,25;6,5;0,76;5;6,5;1;"en";"en-US";"Win32";1080;1920;435;1920;"Europe/Berlin";-60;"Mozilla/5.0 (Windows NT 10.0; Win64; x64) AppleWebKit/537.36 (KHTML, like Gecko) Chrome/119.0.0.0 Safari/537.36";923;1920;6;3;6;6;5;2;7;5;6;7;"63b6be975097f6e31872fc0e";7;7;6;6;"1";"3ec6ecdf-4b8d-4b26-9bc7-0b026f5b8cb4";"noID";-1,64705882352941;-0,470588235294118;0,0882352941176471;0,318181818181818;0,171875;0,547944266138365;0,6734375;0,719297542479096;3,84615384615385;6,47058823529412;12;4;3;17;3;11;0;3;24;18;6;0;2,625;0;-0,368029739776951;-0,128888888888889;8;-3;1;0,142857142857143;"Germany"
"37";8;8;8;8;1;6;5;1;"bachelor";"nein";37;"3";8;5,75;0;5,5;6,5;1;"es-ES";"es-ES";"MacIntel";900;1440;435;1440;"Europe/Berlin";-60;"Mozilla/5.0 (Macintosh; Intel Mac OS X 10_15_7) AppleWebKit/605.1.15 (KHTML, like Gecko) Version/16.4.1 Safari/605.1.15";820;1440;7;5;7;3;7;3;5;7;5;7;"6384d76e3da4c98dc29e390b";7;7;5;7;"1";"2a21cdd3-f86b-4083-af84-9dc396fd5c64";"noID";-2,23076923076923;-0,769230769230769;0,0769230769230769;0;0,232638888888889;0,551220697265322;0,715909090909091;0,694882695881959;6,51923076923077;6,38461538461539;9;3;3;13;1;11;1;0;12;11;1;0;2,83333333333333;0;-0,538461538461539;-0,838709677419355;7;0;1;0;"Germany"
"38";6;5;5;5;0;4;4;1;"highschool";"";38;"6";5,25;4;1;4,125;4,5;1;"de-DE";"de";"Win32";1080;1920;435;1879;"Europe/Berlin";-60;"Mozilla/5.0 (Windows NT 10.0; Win64; x64) AppleWebKit/537.36 (KHTML, like Gecko) Chrome/118.0.0.0 Safari/537.36 OPR/104.0.0.0";931;1879;3;4;4;4;4;5;5;4;4;4;"5ff5922c4721d5000981fcde";4;5;4;5;"8";"def43076-a54e-4c8e-bb1c-63deb8f425df";"noID";0;0;0,0714285714285714;0;0,21301775147929;0,401606612833332;0,635108481262327;0,773349315383926;1,33333333333333;2,69230769230769;4;4;3;14;0;0;14;0;13;13;0;0;1;0;NA;-0,658436213991769;3;0;1;0;"Germany"
"39";9;9;8;9;1;7;5;1;"highschool";"";39;"3";8,75;6,5;0,12;5,5;7;1;"de";"de-DE";"Win32";1080;1920;179;1920;"Europe/Berlin";-60;"Mozilla/5.0 (Windows NT 10.0; Win64; x64; rv:120.0) Gecko/20100101 Firefox/120.0";899;1920;7;1;7;7;7;1;7;7;7;7;"5b327d06adb0f7000125460e";7;7;7;7;"3";"3955d6d0-b5de-4692-a7bb-4f2ff25d4544";"noID";-0,666666666666667;-0,222222222222222;0,0784313725490196;0,116883116883117;0,228373702422145;0,601685701915556;0,774653979238754;0,744804247089552;4,22727272727273;4,94117647058824;10;4;4;18;7;11;0;0;24;16;8;0;2,25;0;0,11111111111111;-0,327752502274795;10;-3;1;0,0444444444444444;"Germany"
"40";8;8;8;6;1;7;7;1;"no";"";40;"3";7,5;6,5;0,16;5,875;6,25;1;"de-DE";"de";"Win32";942;1701;435;1699;"Europe/Berlin";-60;"Mozilla/5.0 (Windows NT 10.0; Win64; x64) AppleWebKit/537.36 (KHTML, like Gecko) Chrome/120.0.0.0 Safari/537.36";940;1699;7;6;7;7;7;3;4;6;5;7;"6517283ed2294dbc8561979d";7;7;5;6;"1";"7bfff824-f797-4ce2-8055-7a83d416e98a";"noID";-2,38461538461538;-0,923076923076923;0,121794871794872;0,244186046511628;0,409722222222222;0,939728453364817;0,84469696969697;0,706716638931938;1,83870967741935;1,75641025641026;2;2;3;13;0;12;1;0;19;19;0;0;1;0;-0,461538461538458;-0,561933955691793;12;0;1;0,106060606060606;"Germany"
"41";8;8;8;8;1;7;5;1;"highschool";"";41;"3";8;6,5;0;5,875;6,5;1;"de-DE";"de";"MacIntel";1440;3440;435;1549;"Europe/Berlin";-60;"Mozilla/5.0 (Macintosh; Intel Mac OS X 10_15_7) AppleWebKit/537.36 (KHTML, like Gecko) Chrome/119.0.0.0 Safari/537.36";695;1549;7;5;7;5;7;3;6;7;7;7;"611599c2d68c11e25569d969";7;7;6;6;"1";"9f17ae00-bc89-4d1e-a486-5818429b452f";"noID";0,5;0,214285714285714;0,0714285714285714;0;0,171597633136095;0,568270134470792;0,791913214990138;0,747294727145469;4,13157894736842;5,28571428571429;9;4;3;14;8;5;1;0;13;9;4;1;1,84615384615385;0;0,123595505617979;-0,267295597484277;6;0;1;0;"Germany"
"42";8;9;8;6;1;7;7;1;"highschool";"";42;"1";7,75;7;0,48;4,375;7;1,5;"de-DE";"de";"Win32";1067;1707;436;1707;"Europe/Berlin";-60;"Mozilla/5.0 (Windows NT 10.0; Win64; x64) AppleWebKit/537.36 (KHTML, like Gecko) Chrome/120.0.0.0 Safari/537.36";942;1707;7;7;4;1;7;1;1;7;7;7;"633ddca746fbf59ca2e530aa";7;7;7;7;"4";"7fd7a4d2-3b67-4eaa-b19f-a9a22b1eba9d";"noID";-2,76923076923077;-0,923076923076923;0,121794871794872;0,327272727272727;0,229166666666667;0,553007070512201;0,630050505050505;0,681450952101976;1,48387096774194;2,26923076923077;5;5;3;13;0;12;1;0;19;19;0;0;1;0;-0,266666666666667;-0,198477433387711;8;0;1;0,178571428571429;"Germany"
"43";9;9;9;7;1;7;6;1;"highschool";"";43;"5";8,5;6,5;0,96;3,375;7;1;"de";"de-DE";"Win32";1080;1920;435;1920;"Europe/Berlin";-60;"Mozilla/5.0 (Windows NT 10.0; Win64; x64; rv:120.0) Gecko/20100101 Firefox/120.0";927;1920;7;1;4;1;5;1;1;7;6;7;"6522b07cf3d1949895af05f3";7;7;7;7;"6";"69d126a5-17bb-483f-948b-7e3649d24516";"noID";-1,33333333333333;-0,5;0,166666666666667;0,324324324324324;0,165289256198347;0,404352045831855;0,227768595041322;0,517173931607191;3,41176470588235;2,59090909090909;5;3;4;12;2;8;0;2;22;19;3;1;1,77272727272727;0;0,166666666666668;-0,35285505124451;7;-3;1;0,285714285714286;"Germany"
"44";5;4;4;3;1;4;4;1;"bachelor";"";44;"6";4;3,5;1;2,875;4;1;"de";"de-DE";"Win32";1080;1920;179;1920;"Europe/Berlin";-60;"Mozilla/5.0 (Windows NT 10.0; Win64; x64; rv:120.0) Gecko/20100101 Firefox/120.0";995;1920;7;1;4;1;1;1;3;5;3;3;"627d6dfb32131b47c91c4994";5;5;4;2;"1";"8b5e5dfe-88dd-463f-aee5-9aa51c66e8e9";"noID";-0,866666666666667;-0,266666666666667;0,114285714285714;0,272727272727273;0,107142857142857;0,386171058951937;0,396389324960754;0,552835115756473;6,20618556701031;5,84761904761905;12;4;6;15;3;7;5;0;24;14;10;1;2,375;0;-0,10091743119266;-0,12340425531915;5;0;1;0,2;"Germany"
"45";8;8;8;8;1;4;5;1;"no";"man wurde nicht gefragt warum man sich so oder so entschieden hat";45;"7";8;5,25;1;2,625;5;1;"de-DE";"de";"Win32";900;1600;435;1546;"Europe/Berlin";-60;"Mozilla/5.0 (Windows NT 10.0; Win64; x64) AppleWebKit/537.36 (KHTML, like Gecko) Chrome/119.0.0.0 Safari/537.36 OPR/105.0.0.0";742;1546;4;1;1;5;1;1;3;5;5;7;"615416df060f5730a1d4e113";5;5;5;5;"9";"e62651f8-d91d-451c-a3a9-1c5cf8aa8448";"noID";-0,6875;-0,1875;0,133333333333333;0,264705882352941;0,213333333333333;0,484843262176713;0,317869488536155;0,610997654964996;2,888;2,36666666666667;5;3;4;16;3;6;0;7;32;30;2;1;1,375;0;-0,313603818615752;-0,384615384615385;3;-3;0,689655172413793;0;"Germany"
"46";8;7;6;7;1;6;6;1;"master";".";46;"3";7;6,25;0,2;4,125;6,25;1;"es-ES";"es-ES";"MacIntel";900;1440;435;1324;"Europe/Berlin";-60;"Mozilla/5.0 (Macintosh; Intel Mac OS X 10_15_7) AppleWebKit/605.1.15 (KHTML, like Gecko) Version/15.6.1 Safari/605.1.15";721;1324;7;3;5;1;6;1;4;6;6;7;"6543aeb6dd91d965fc3df508";7;6;6;6;"1";"c050b4bf-237e-4b7a-97ad-55cbc32b3585";"noID";-1,38461538461538;-0,461538461538462;0,115384615384615;0,214285714285714;0,416666666666667;0,947992916174735;0,859848484848485;0,711722676303079;4,1;5,12820512820513;6;2;2;13;3;9;1;0;18;18;0;1;2,88888888888889;0;-0,411764705882352;-0,638069705093834;12;0;1;0,0909090909090909;"Germany"
"47";4;9;5;7;1;6;6;1;"phd";"viel Glück";47;"6";6,25;5,5;0,76;4,5;5,25;1;"tr";"tr";"Win32";768;1366;435;681;"Europe/Berlin";-60;"Mozilla/5.0 (Windows NT 10.0; Win64; x64) AppleWebKit/537.36 (KHTML, like Gecko) Chrome/119.0.0.0 Safari/537.36";609;681;4;5;7;1;5;7;6;1;3;7;"6521568f62c55df10e59dc9a";6;7;5;3;"1";"9cb5adba-97c3-41f2-94b2-1c3f8218ecf8";"noID";-0,230769230769231;0;0,0833333333333333;0,0714285714285714;0,315972222222222;0,73720559743287;0,900252525252525;0,758488450651388;2,71428571428571;3,55128205128205;7;4;4;13;6;6;1;0;13;6;7;3;1,76923076923077;0;-0,514563106796117;-0,661421077730091;9;0;1;0;"Germany"
"48";8;8;8;6;1;6;5;1;"highschool";"";48;"4";7,5;5,75;0,16;5,375;6;1,25;"en-DE";"en-US";"Win32";864;1536;436;1536;"Europe/Berlin";-60;"Mozilla/5.0 (Windows NT 10.0; Win64; x64) AppleWebKit/537.36 (KHTML, like Gecko) Chrome/120.0.0.0 Safari/537.36 Viewer/91.9.3348.49";754;1536;7;3;6;5;7;5;4;6;6;6;"645b8b2128bbb68d29778068";6;6;6;6;"4";"226231d1-a9ae-4f11-a6c2-824102feee01";"noID";-0,153846153846154;-0,0769230769230769;0,0769230769230769;0;0,458333333333333;1;1;0,775990762260204;3,25;3,53846153846154;5;2;2;13;6;7;0;0;12;6;6;0;1,91666666666667;0;-0,333333333333333;-1;12;-1;1;0;"Germany"
"49";9;9;8;9;1;7;6;1;"master";"";49;"6";8,75;6,75;1;6,875;7;2;"en-US";"en-GB";"MacIntel";960;1536;435;1536;"Europe/Berlin";-60;"Mozilla/5.0 (Macintosh; Intel Mac OS X 10.15; rv:120.0) Gecko/20100101 Firefox/120.0";847;1536;7;6;7;7;7;7;7;7;7;7;"604b169fe4b7991ec08da3a6";7;7;7;7;"3";"fa9134ce-8918-42be-9093-4ff3c46db3bc";"noID";-1;-0,333333333333333;0,174242424242424;0,423913043478261;0,305785123966942;0,737463411201801;0,64297520661157;0,600166382618627;3,46268656716418;3,48484848484848;6;3;3;12;3;7;1;1;23;19;4;0;2,34782608695652;0;0,0943005181347156;-0,379310344827586;10;0;1;0,222222222222222;"Germany"
"50";9;9;9;8;1;5;5;1;"master";"";50;"6";8,75;6;0,12;3,875;5,75;1;"tr-TR";"tr";"Win32";900;1600;435;1600;"Europe/Berlin";-60;"Mozilla/5.0 (Windows NT 10.0; Win64; x64) AppleWebKit/537.36 (KHTML, like Gecko) Chrome/119.0.0.0 Safari/537.36";783;1600;5;4;6;1;6;2;2;5;7;7;"6529483ef2abe408d574860a";7;6;5;5;"4";"4e249bba-71ed-4569-b831-fe054ff74b39";"noID";0;0;0,0769230769230769;0;0,1875;0,343704423918328;0,579545454545455;0,587675120353571;1,52;2,61538461538462;4;4;2;13;6;6;1;0;12;12;0;0;1;0;0,480519480519479;-0,988249118683901;2;0;1;0;"Germany"
"51";8;8;8;8;1;6;6;1;"highschool";"";51;"4";8;6,25;0,12;5,875;5;1,25;"tr-TR";"tr";"Win32";864;1536;436;1536;"Europe/Berlin";-60;"Mozilla/5.0 (Windows NT 10.0; Win64; x64) AppleWebKit/537.36 (KHTML, like Gecko) Chrome/119.0.0.0 Safari/537.36";707;1536;6;5;6;6;6;6;6;6;6;7;"65170df8def70fb50be8068e";5;5;5;5;"4";"913fb7b0-4f46-4184-977c-8692f506cdf7";"noID";-0,0833333333333333;0;0,0833333333333333;0;0,305785123966942;0,718920454545455;0,879338842975207;0,764937147369057;1,66666666666667;2,21212121212121;4;4;3;12;5;5;1;1;11;11;0;0;1;0;-0,238605898123325;-0,655913978494624;8;0;1;0;"Germany"
"52";5;3;3;2;1;2;4;1;"bachelor";"";52;"7";3,25;3,25;0,72;3,5;4,25;1;"en-US";"en-US";"Linux x86_64";1080;1920;435;1850;"Europe/Berlin";-60;"Mozilla/5.0 (X11; Ubuntu; Linux x86_64; rv:120.0) Gecko/20100101 Firefox/120.0";968;1850;7;2;4;2;5;2;1;5;3;4;"6463402e2e37bb8a9b62e55a";5;5;4;3;"8";"1e35084d-5dfa-4729-b154-470264ae32f5";"noID";-0,615384615384615;-0,153846153846154;0,115384615384615;0,236842105263158;0,371527777777778;0,832927672888076;0,818181818181818;0,699154888137377;3,4375;3,12820512820513;6;3;5;13;3;5;1;4;18;15;3;0;1,72222222222222;0;-0,0640394088669957;-0,61126213592233;11;0;1;0,0909090909090909;"Germany"
"53";9;9;9;9;1;6;5;1;"highschool";"Kein Feedback zu verkünden.";53;"6";9;6,25;0,44;4,5;5,5;0,8451;"de";"de-DE";"Win32";909;1616;435;1616;"Europe/Berlin";-60;"Mozilla/5.0 (Windows NT 10.0; Win64; x64; rv:120.0) Gecko/20100101 Firefox/120.0";594;1616;7;5;7;1;7;1;1;7;7;7;"6532825749ca31d35c5cc482";5;7;5;5;"3";"9a067d18-4333-4889-8775-710010841818";"noID";0,384615384615385;0,230769230769231;0,0769230769230769;0;0,458333333333333;1;1;0,775990762260204;4,21276595744681;4,46153846153846;6;2;2;13;7;4;1;1;12;7;5;0;2,41666666666667;0;-0,72972972972973;-1;12;0;1;0;"Germany"
"54";9;9;7;8;1;2;1;1;"master";"";54;"9";8,25;2;0;1,875;2,75;1,25;"de";"de-DE";"Linux x86_64";864;1536;435;1536;"Europe/Berlin";-60;"Mozilla/5.0 (X11; Linux x86_64; rv:120.0) Gecko/20100101 Firefox/120.0";696;1536;6;1;1;1;1;1;3;1;2;3;"654b4a0e936bc8d3c57bfbf0";2;4;2;3;"4";"2d79179b-01ae-46e9-8d92-cacf0e1bf65f";"noID";0,230769230769231;0,0769230769230769;0,0769230769230769;0;0,232638888888889;0,627100430041607;0,827020202020202;0,760834496995833;3,16216216216216;3,82051282051282;9;4;4;13;6;5;1;1;12;11;1;1;1,5;0;-0,00934579439252423;-0,479638009049774;7;0;1;0;"Germany"
"55";8;7;3;9;1;5;1;1;"no";"";55;"6";6,75;3,75;0,44;2,75;4,25;1;"de-DE";"de";"Win32";1080;1920;435;1920;"Europe/Berlin";-60;"Mozilla/5.0 (Windows NT 10.0; Win64; x64) AppleWebKit/537.36 (KHTML, like Gecko) Chrome/119.0.0.0 Safari/537.36";923;1920;1;1;1;1;4;1;6;7;4;5;"5cb19af6c642510015463de2";6;4;3;4;"3";"68f1c29f-8b65-4432-a16d-5862bdf91502";"noID";1,23076923076923;0,538461538461538;0,179487179487179;0,478991596638655;0,211805555555556;0,509895290780458;0,263299663299663;0,557963287725036;4,09677419354839;3,19230769230769;7;3;4;13;8;1;1;3;28;21;7;2;2,03571428571429;0;0,169539078156311;-0,251485148514852;6;0;0,833333333333333;0,333333333333333;"Germany"
"56";8;7;7;9;1;5;4;1;"master";"";56;"8";7,75;4,75;0,72;4,875;5;1,25;"de";"de";"Win32";864;1536;436;1536;"Europe/Berlin";-60;"Mozilla/5.0 (Windows NT 10.0; Win64; x64) AppleWebKit/537.36 (KHTML, like Gecko) Chrome/119.0.0.0 Safari/537.36";747;1536;6;4;4;4;5;4;6;6;5;5;"62837113d02e5a491c699e3e";5;5;5;5;"7";"d0903776-398b-4a26-b82a-d74850fb3359";"noID";-0,416666666666667;-0,0833333333333333;0,0833333333333333;0;0,454545454545455;1;1;0,76833752096446;2,13793103448276;2,66666666666667;5;2;2;12;5;6;1;0;11;11;0;0;1,45454545454545;0;-0,810126582278481;-1;11;0;1;0;"Germany"
"57";7;7;8;6;1;6;5;1;"highschool";"";57;"6";7;5,25;0,32;3,875;5,75;1;"de-DE";"de-DE";"MacIntel";900;1440;435;1199;"Europe/Berlin";-60;"Mozilla/5.0 (Macintosh; Intel Mac OS X 10_15_7) AppleWebKit/605.1.15 (KHTML, like Gecko) Version/15.2 Safari/605.1.15";820;1199;6;1;6;3;6;2;1;6;4;6;"655d07644de589383042fb39";7;6;5;5;"8";"27ceb7fe-ae13-4fa1-8d54-3ee29bfd4654";"noID";-0,428571428571429;-0,142857142857143;0,0714285714285714;0;0,130177514792899;0,456927581733436;0,700197238658777;0,721472565065563;4,58536585365854;5,62637362637363;11;5;5;14;4;6;1;3;13;9;4;0;2,07692307692308;0;-0,512465373961218;-0,484771573604061;5;0;1;0;"Germany"
"58";9;9;9;9;1;7;7;1;"highschool";"";58;"5";9;7;0,68;6,75;6,25;2;"de-DE";"de";"MacIntel";832;1441;435;1440;"Europe/Berlin";-60;"Mozilla/5.0 (Macintosh; Intel Mac OS X 10_15_7) AppleWebKit/537.36 (KHTML, like Gecko) Chrome/120.0.0.0 Safari/537.36";825;1440;7;7;7;6;6;7;7;7;7;7;"6488afe97766c9083ffc3171";6;6;7;6;"2";"3ba4cc8c-cd9a-4367-b8cd-c311abcbb12d";"noID";-1,05555555555556;-0,5;0,0555555555555556;0;0,0968858131487889;0,464392371658853;0,740484429065744;0,746726910333588;2,72727272727273;4,42483660130719;8;5;4;18;3;12;3;0;17;16;1;0;1,23529411764706;0;0,450346420323326;-0,163157894736842;5;0;1;0;"Germany"
"59";7;6;6;6;1;2;2;1;"highschool";"Interessant gemacht mit der Mind-Map!";59;"8";6,25;2,25;1;2,375;3;1;"en";"de";"Win32";1440;2560;435;2560;"Europe/Berlin";-60;"Mozilla/5.0 (Windows NT 10.0; Win64; x64) AppleWebKit/537.36 (KHTML, like Gecko) Chrome/120.0.0.0 Safari/537.36";1315;2560;5;1;1;1;4;5;1;1;2;3;"647655dfd55c07c30b1537ab";3;4;2;3;"11";"71c53de2-f223-4ce3-8c84-9bf2767bba07";"noID";-0,538461538461538;-0,230769230769231;0,0769230769230769;0;0,0972222222222222;0,504589757221336;0,712121212121212;0,686410023383347;2,72222222222222;6,07692307692308;10;4;2;13;4;7;1;1;12;7;5;3;2,16666666666667;0;0,151125401929261;-0,2;4;0;1;0;"Germany"
"60";8;9;9;6;1;7;5;1;"highschool";"";60;"3";8;6,5;0,4;5,625;6;1;"de-DE";"de";"Win32";1080;1920;435;1920;"Europe/Berlin";-60;"Mozilla/5.0 (Windows NT 10.0; Win64; x64) AppleWebKit/537.36 (KHTML, like Gecko) Chrome/120.0.0.0 Safari/537.36";931;1920;7;7;7;4;7;2;6;5;7;7;"65170641ac562bb61fb8e647";7;7;5;5;"1";"227b9ae5-f3bd-4a90-bb66-1bca4091f3f0";"noID";-1,36842105263158;-0,473684210526316;0,0906432748538012;0,3;0,109567901234568;0,381305893097539;0,525054466230937;0,609623541202747;3,40833333333333;3,67251461988304;8;6;7;19;5;14;0;0;31;28;3;0;1,58064516129032;0;0,663043478260867;-0,291666666666667;6;-3;1;0,2;"Germany"
"61";9;8;9;8;1;7;7;1;"master";"";61;"7";8,5;6,75;0,16;4,5;6,75;1,25;"hr-HR";"de";"Win32";960;1536;436;1536;"Europe/Berlin";-60;"Mozilla/5.0 (Windows NT 10.0; Win64; x64) AppleWebKit/537.36 (KHTML, like Gecko) Chrome/119.0.0.0 Safari/537.36";803;1536;7;3;6;4;7;1;4;4;6;7;"655a1fdedea00c26288804ba";7;7;7;6;"4";"78f7165a-67b8-4c36-aa58-0e4a3fd65236";"noID";-0,692307692307692;-0,230769230769231;0,0833333333333333;0;0,0451388888888889;0,24332271877427;0,46969696969697;0,630336146940287;2,65;3,56410256410256;8;8;6;13;4;7;1;1;13;13;0;1;1;0;-0,0129870129870155;-0,130434782608696;3;0;1;0;"Germany"
"62";7;9;8;7;1;4;4;1;"bachelor";"";62;"3";7,75;4,75;0,28;4,5;5,75;1,25;"en-US";"en-US";"Win32";864;1536;436;1536;"Europe/Berlin";-60;"Mozilla/5.0 (Windows NT 10.0; Win64; x64) AppleWebKit/537.36 (KHTML, like Gecko) Chrome/119.0.0.0 Safari/537.36";730;1536;7;2;6;1;6;2;6;6;5;6;"6516d4559fa6dba6b35395ac";6;7;3;7;"7";"42e5bc0d-cb3d-4851-9bb4-519fd01fb9df";"noID";0,692307692307692;0,230769230769231;0,0961538461538461;0,121621621621622;0,4375;0,974419519874066;0,938131313131313;0,741979626948341;1,6875;1,80769230769231;2;2;2;13;7;4;2;0;15;15;0;0;1;0;-0,636363636363636;-0,776315789473684;12;0;1;0,0454545454545455;"Germany"
"63";6;9;8;6;1;5;4;1;"highschool";"";63;"6";7,25;4,25;0,8;4,875;5,5;1,25;"de";"de-DE";"Win32";864;1536;435;1536;"Europe/Berlin";-60;"Mozilla/5.0 (Windows NT 10.0; Win64; x64; rv:120.0) Gecko/20100101 Firefox/120.0";739;1536;7;1;6;2;7;5;5;6;4;4;"60060089125e50636ad6719e";6;6;5;5;"1";"3e31a23c-baec-4bbf-9fc4-fba6cd191f6d";"noID";-0,684210526315789;-0,157894736842105;0,0672514619883041;0,0845070422535211;0,222222222222222;0,609398262355752;0,791545630597918;0,770437974021701;4,15740740740741;4,48538011695906;9;4;5;19;6;9;4;0;23;9;14;7;1,82608695652174;0;-0,128065395095367;-0,331512834516657;10;0;1;0,0222222222222222;"Germany"
"64";9;9;9;8;1;7;7;1;"master";"";64;"2";8,75;6,75;0,6;6,375;6,75;1,25;"de";"de-DE";"Win32";864;1536;435;1536;"Europe/Berlin";-60;"Mozilla/5.0 (Windows NT 10.0; Win64; x64; rv:120.0) Gecko/20100101 Firefox/120.0";684;1536;7;7;5;6;7;6;7;6;6;7;"5fbe72941cf1d201bc50c1d4";7;7;6;7;"1";"0cab9b71-ab7a-4112-a5f1-64eb9c8fc8d7";"noID";-1;-0,357142857142857;0,120879120879121;0,352941176470588;0,159763313609467;0,375484181379621;0,358645627876397;0,659180453107417;5,34;3,73626373626374;8;4;5;14;3;8;0;3;22;17;5;0;1,90909090909091;0;-0,00380228136882199;-0,326788218793828;5;-3;1;0,3;"Germany"
"65";8;7;8;4;1;5;4;1;"highschool";"";65;"3";6,75;4,5;0,76;5;5;1;"de-DE";"de";"Win32";1080;1920;435;1920;"Europe/Berlin";-60;"Mozilla/5.0 (Windows NT 10.0; Win64; x64) AppleWebKit/537.36 (KHTML, like Gecko) Chrome/119.0.0.0 Safari/537.36";955;1920;7;2;7;4;7;3;3;7;3;6;"6550dd36abf6cccaa5bace83";6;6;3;5;"7";"c976ad57-9f31-4cfc-b573-90992bfd8255";"noID";-0,4;-0,133333333333333;0,0666666666666667;0;0,23469387755102;0,381733388766755;0,688383045525903;0,767005967274796;4,76470588235294;7,94285714285714;12;4;2;15;6;8;1;0;14;13;1;0;3;0;0,505300353356888;-0,944444444444444;2;0;0,961538461538461;0;"Germany"
"66";9;9;9;6;1;7;7;1;"no";"";66;"2";8,25;6,75;0,24;5,625;5,5;2;"de-DE";"de";"MacIntel";900;1440;435;1380;"Europe/Berlin";-60;"Mozilla/5.0 (Macintosh; Intel Mac OS X 10_15_7) AppleWebKit/537.36 (KHTML, like Gecko) Chrome/118.0.0.0 Safari/537.36 OPR/104.0.0.0";754;1380;7;3;7;6;7;1;7;7;6;7;"6517fb8c213462dc2254c0b1";7;7;3;5;"1";"a66c9a8d-bc5d-417d-8d78-288fc47fdf93";"noID";-1,53846153846154;-0,538461538461538;0,0833333333333333;0,115384615384615;0,135416666666667;0,462041116375482;0,611111111111111;0,651843641426868;3,80645161290323;5,64102564102564;10;4;3;13;2;9;0;2;13;12;1;1;2,23076923076923;0;-0,0196078431372588;-0,612903225806452;4;-3;1;0,166666666666667;"Germany"
"67";7;9;9;7;1;6;6;1;"master";"";67;"7";8;6;0,64;4,5;5,75;1,5;"de-DE";"de";"Win32";720;1280;436;1280;"Europe/Berlin";-60;"Mozilla/5.0 (Windows NT 10.0; Win64; x64) AppleWebKit/537.36 (KHTML, like Gecko) Chrome/119.0.0.0 Safari/537.36";593;1280;7;2;5;3;7;1;4;7;6;6;"63b87d2c9edd47ad702413a1";6;7;5;5;"1";"a9884810-f6bf-41cd-88e3-7da3d7fe3fef";"noID";-1;-0,428571428571429;0,0769230769230769;0;0,0828402366863905;0,476265632515632;0,630177514792899;0,648731068840393;2,96774193548387;4,49450549450549;8;4;3;14;4;10;0;0;14;14;0;1;1,64285714285714;0;0,80952380952381;-0,431309904153355;4;-2;1;0;"Germany"
"68";6;7;5;6;1;3;3;1;"highschool";"";68;"4";6;3,5;0,68;4,375;4;1,75;"en-US";"en-150";"Win32";1235;2195;435;2187;"Europe/Berlin";-60;"Mozilla/5.0 (Windows NT 10.0; Win64; x64) AppleWebKit/537.36 (KHTML, like Gecko) Chrome/120.0.0.0 Safari/537.36 Edg/120.0.0.0";1079;2187;5;3;4;6;5;3;6;3;5;3;"63cfbea470ab1bba9db30082";4;4;6;2;"7";"eeeb8779-21db-4e3a-a7a1-eaad743d87f3";"noID";-0,714285714285714;-0,214285714285714;0,0769230769230769;0,125;0,0828402366863905;0,392201662925124;0,590729783037475;0,697294808946882;4,64516129032258;4,07692307692308;8;6;5;14;5;8;1;0;14;11;3;0;1,5;0;0,0914454277286151;-0,418300653594771;4;0;1;0,166666666666667;"Germany"
"69";9;9;9;9;1;1;5;1;"bachelor";"";69;"1";9;3,5;0,44;4,75;4,25;1,5;"tr";"tr";"Win32";934;1494;436;1494;"Europe/Berlin";-60;"Mozilla/5.0 (Windows NT 10.0; Win64; x64) AppleWebKit/537.36 (KHTML, like Gecko) Chrome/119.0.0.0 Safari/537.36";765;1494;7;1;7;7;7;1;1;7;1;7;"6523fae070b5614ae54067eb";4;7;1;5;"1";"8bc90396-d0e6-4bb3-b3af-2b52bd895b4d";"noID";-1,61538461538462;-0,769230769230769;0,108974358974359;0,236842105263158;0,152777777777778;0,377067533580452;0,47516835016835;0,699590077739283;1,81578947368421;2,56410256410256;5;5;4;13;1;11;1;0;17;17;0;2;1;0;-0,062500000000001;-0,16031746031746;6;0;0,954545454545454;0,2;"Germany"
"70";5;7;7;5;1;5;5;1;"bachelor";"";70;"5";6;5,75;0,2;5,125;6,25;1,5;"pt-BR";"pt-BR";"Win32";720;1280;436;1280;"Europe/Berlin";-60;"Mozilla/5.0 (Windows NT 10.0; Win64; x64) AppleWebKit/537.36 (KHTML, like Gecko) Chrome/120.0.0.0 Safari/537.36";563;1280;7;5;7;2;7;4;2;7;6;7;"628001fc615d598b23b85c6c";7;6;6;6;"5";"29291e7f-1682-4841-b760-c509e9ee54bb";"noID";-1,38461538461538;-0,615384615384615;0,0769230769230769;0;0,458333333333333;1;1;0,775990762260204;4,42553191489362;4,61538461538461;6;2;2;13;2;10;0;1;12;9;3;0;2,5;0;-0,014084507042243;-1;12;-3;1;0;"Germany"
"71";9;9;8;9;1;7;3;1;"bachelor";"Ich möchte meine Entscheidungen bezüglich der Belohnungen erläutern. Den Verbrauch von einer Autofahrt egal ob 2kg oder 9kg CO2 ist nicht riesig. Das Eintrichtern der Bevölkerung, dass man selbst die Verantwortung habe, wenn tatsächlich der Großteil von großen Firmen verursacht, stört mich sehr.";71;"4";8,75;5,75;1;4,75;6,75;1;"de-DE";"de";"Win32";1080;1920;435;1920;"Europe/Berlin";-60;"Mozilla/5.0 (Windows NT 10.0; Win64; x64) AppleWebKit/537.36 (KHTML, like Gecko) Chrome/120.0.0.0 Safari/537.36";953;1920;7;2;7;2;7;1;5;7;6;7;"65385f165d9e107d07d7c3f5";7;7;6;7;"1";"b2e0a568-37f0-460f-bccd-c87a49bd50d0";"noID";-3;-1;0,269230769230769;0,625;0,25;0,659828548644338;0,167108585858586;0,415018852890839;4,89772727272727;4,33333333333333;6;2;4;13;0;13;0;0;42;42;0;0;2,97619047619048;0;NA;-0,463552021206096;4;-3;0,6;1;"Germany"
"72";8;7;8;7;1;7;6;1;"master";"";72;"6";7,5;6,75;0,72;4,625;6,5;1;"de";"de-DE";"Win32";1200;1920;435;1872;"Europe/Berlin";-60;"Mozilla/5.0 (Windows NT 10.0; Win64; x64) AppleWebKit/537.36 (KHTML, like Gecko) Chrome/119.0.0.0 Safari/537.36 Edg/119.0.0.0";1086;1872;7;1;5;5;7;1;4;7;7;7;"65367487f0d1c1607d3665c9";7;7;6;6;"8";"c7e8f266-7a4d-4418-bff7-83fcb1d198da";"noID";-2,76923076923077;-0,923076923076923;0,166666666666667;0,333333333333333;0,270833333333333;0,604301692459587;0,406228956228956;0,589029733534098;6,42307692307692;4,84615384615385;8;3;5;13;0;12;1;0;26;26;0;0;2,88461538461538;0;-0,238095238095237;-0,361747243426634;10;0;1;0,222222222222222;"Germany"
"73";8;8;8;7;1;7;6;1;"master";"";73;"4";7,75;6,75;0,44;5,875;6;1;"de";"de-DE";"Win32";1200;1920;435;1912;"Europe/Berlin";-60;"Mozilla/5.0 (Windows NT 10.0; Win64; x64) AppleWebKit/537.36 (KHTML, like Gecko) Chrome/120.0.0.0 Safari/537.36 Edg/120.0.0.0";1086;1912;7;7;6;6;7;1;7;6;7;7;"63c011a88d2fc0b0b50b51fb";7;7;5;5;"1";"126464bf-d7ba-4994-9b47-95b10a8c1fc6";"noID";-1;-0,285714285714286;0,0824175824175824;0,25;0,0769230769230769;0,325120586268759;0,512820512820513;0,654107567669576;5,93181818181818;7,42857142857143;17;7;7;14;5;9;0;0;15;10;5;1;2,4;0;-0,111111111111107;-0,217948717948718;4;-3;1;0,166666666666667;"Germany"
"74";6;7;9;3;1;6;5;1;"bachelor";"";74;"5";6,25;5,75;0,24;5,5;5,75;1;"de-DE";"de";"Win32";1080;1920;435;1920;"Europe/Berlin";-60;"Mozilla/5.0 (Windows NT 10.0; Win64; x64) AppleWebKit/537.36 (KHTML, like Gecko) Chrome/120.0.0.0 Safari/537.36";923;1920;7;4;6;6;7;2;6;6;5;7;"61123681461c3abe26ab1bd3";7;7;4;5;"1";"b326cdc9-35f9-49ca-91ca-af5836d74982";"noID";-0,769230769230769;-0,307692307692308;0,0769230769230769;0;0,1875;0,578244514106583;0,784090909090909;0,741952649166942;3,9622641509434;4,15384615384615;6;4;4;13;3;7;1;2;12;12;0;0;1,5;0;-0,46236559139785;-0,4;6;0;1;0;"Germany"
"75";4;8;7;8;1;1;1;1;"master";"";75;"11";6,75;1;0,48;1,75;1,25;1;"en-US";"de";"Win32";864;1536;435;1920;"Europe/Berlin";-60;"Mozilla/5.0 (Windows NT 10.0; Win64; x64) AppleWebKit/537.36 (KHTML, like Gecko) Chrome/119.0.0.0 Safari/537.36";869;1920;5;1;3;1;1;1;1;1;1;1;"63616e1a4ed774ed3612fee8";1;2;1;1;"3";"11ffbf41-117f-4ac6-b2ee-264e36fce9e3";"noID";-0,384615384615385;-0,0769230769230769;0,0769230769230769;0;0,0972222222222222;0,468182136474819;0,685606060606061;0,690363171835452;1,72;2,87179487179487;5;5;3;13;3;4;5;1;12;12;0;1;1;0;0,172413793103448;-0,0778443113772456;4;-3;1;0;"Germany"
"76";5;4;5;4;1;1;1;1;"no";"No I do not have any issues with this study. ";1;"11";4,5;1,75;1;2,25;2;1;"en-US";"en-US";"Win32";1080;1920;435;1920;"America/Los_Angeles";480;"Mozilla/5.0 (Windows NT 10.0; Win64; x64) AppleWebKit/537.36 (KHTML, like Gecko) Chrome/120.0.0.0 Safari/537.36";963;1920;5;1;3;1;3;1;1;3;2;3;"63dd3dd2593c92be97d8dbde";2;2;2;2;"9";"a3dd05cf-2eed-4199-a426-af4c7d84379a";"noID";-0,769230769230769;-0,307692307692308;0,134615384615385;0,508474576271186;0,170138888888889;0,321449152605339;0,397306397306397;0,664614595490461;3,475;4,66666666666667;10;4;3;13;3;7;1;2;21;21;0;0;2,47619047619048;0;0,167400881057269;-0,301731996353691;2;0;0,869565217391304;0;"USA"
"77";2;2;2;2;1;1;1;1;"bachelor";"";2;"11";2;1,75;1;1;4;1,25;"en-US";"en-US";"Win32";1152;2048;179;1022;"America/New_York";300;"Mozilla/5.0 (Windows NT 10.0; Win64; x64; rv:120.0) Gecko/20100101 Firefox/120.0";1026;1022;1;1;1;1;1;1;1;1;1;4;"606604f1ca47696cf97529c0";4;4;4;4;"11";"98dfde15-15f8-4d00-8c90-f4da8b066c52";"noID";-1,61538461538462;-0,461538461538462;0,0769230769230769;0;0,0972222222222222;0,504589757221336;0,712121212121212;0,686410023383347;2,88888888888889;6;10;4;2;13;3;9;1;0;12;9;3;0;2;0;0,218604651162793;-0,2;4;0;1;0;"USA"
"78";5;7;7;2;1;6;5;1;"bachelor";"i wish there was a longer amount of time to create the mind map";3;"1";5,25;6,25;0,28;5,625;6,75;2,2;"en-US";"en-US";"MacIntel";982;1512;435;1375;"America/New_York";300;"Mozilla/5.0 (Macintosh; Intel Mac OS X 10_15_7) AppleWebKit/537.36 (KHTML, like Gecko) Chrome/119.0.0.0 Safari/537.36";727;1374;7;5;7;5;7;2;5;7;7;7;"614f58258eaf7063aa888d90";7;7;6;7;"1";"d4470489-2b3b-4a31-ad47-5331f82748e7";"noID";-3;-1;0,0769230769230769;0;0,277777777777778;0,666228354978355;0,842171717171717;0,763327040522622;3,48;4,38461538461539;8;4;3;13;0;13;0;0;12;12;0;0;1,66666666666667;0;NA;-0,656088560885608;NA;NA;NA;NA;"USA"
"79";9;8;7;9;1;7;6;1;"master";"no";4;"2";8,25;6,75;0,8;5;6,75;1;"en-US";"en-US";"Win32";1080;1920;435;1920;"America/New_York";300;"Mozilla/5.0 (Windows NT 10.0; Win64; x64) AppleWebKit/537.36 (KHTML, like Gecko) Chrome/120.0.0.0 Safari/537.36";931;1920;6;6;5;4;7;4;3;5;7;7;"5e7a6846f0f631000a4e2b9d";7;7;6;7;"3";"e2279688-674c-4510-aa02-0789cb8fef1d";"noID";-2;-0,916666666666667;0,0833333333333333;0;0,107438016528926;0,364611628976533;0,585123966942149;0,692963248302401;1,72727272727273;3,09090909090909;7;7;4;12;0;11;1;0;11;11;0;0;1;0;-0,0476190476190462;-0,16260162601626;3;-3;0,916666666666667;0;"USA"
"80";6;6;6;6;1;2;2;1;"master";"Very interestng study; was quite enjoyable and thought provoking. Format was easily understood.";5;"5";6;2;0,8;2,125;2;1;"en-US";"en-US";"Win32";768;1366;435;1366;"America/Chicago";360;"Mozilla/5.0 (Windows NT 10.0; Win64; x64) AppleWebKit/537.36 (KHTML, like Gecko) Chrome/119.0.0.0 Safari/537.36";643;1366;4;2;2;1;3;2;1;2;2;2;"65396e0fea695094030f508b";2;2;2;2;"10";"29e79e99-deda-4407-8485-c87817efbcb5";"noID";-1;-0,384615384615385;0,0833333333333333;0,136363636363636;0,135416666666667;0,539124231229494;0,756313131313131;0,681843280772464;1,84375;2,65384615384615;4;4;3;13;3;8;2;0;13;13;0;1;1;0;-0,25;-0,177993527508091;5;0;1;0;"USA"
"81";7;6;6;7;1;5;6;1;"highschool";"";6;"5";6,5;5,5;0,2;4,375;5,75;1;"en-US";"en-US";"Win32";1080;1920;435;958;"America/New_York";300;"Mozilla/5.0 (Windows NT 10.0; Win64; x64) AppleWebKit/537.36 (KHTML, like Gecko) Chrome/119.0.0.0 Safari/537.36";927;958;7;3;5;3;6;3;2;6;5;6;"5ba184ad35768a0001437bdc";6;6;5;6;"2";"4728be95-624f-4806-b6a9-c75cca7cf5ae";"noID";-1,13333333333333;-0,466666666666667;0,104761904761905;0,358208955223881;0,155612244897959;0,441256794541048;0,428571428571429;0,64709892965304;2,65671641791045;3,03809523809524;7;5;4;15;3;10;1;1;22;19;3;0;1,22727272727273;0;0,12;-0,395571514063435;5;0;0,916666666666667;0,3;"USA"
"82";8;6;8;6;1;5;3;1;"bachelor";"";7;"11";7;3,5;0,72;2,25;3,75;1;"en-US";"en-US";"Win32";1080;1920;435;1920;"America/New_York";300;"Mozilla/5.0 (Windows NT 10.0; Win64; x64) AppleWebKit/537.36 (KHTML, like Gecko) Chrome/120.0.0.0 Safari/537.36";945;1920;5;1;3;1;2;1;1;4;1;5;"63ea4301f63c1d26f0ff83e9";6;3;1;5;"8";"664e577e-7710-4d2a-9de6-0e4290c74180";"noID";-2,61538461538462;-0,846153846153846;0,0769230769230769;0;0,458333333333333;1;1;0,775990762260204;1,74468085106383;1,84615384615385;2;2;2;13;1;12;0;0;12;12;0;0;1;0;-0,0434782608695323;-1;12;-3;1;0;"USA"
"83";8;8;8;9;1;6;5;1;"bachelor";"";8;"6";8,25;5,75;0,56;6;6;0,9005;"en-US";"en-US";"Linux x86_64";852;1517;436;1517;"America/New_York";300;"Mozilla/5.0 (X11; CrOS x86_64 14541.0.0) AppleWebKit/537.36 (KHTML, like Gecko) Chrome/118.0.0.0 Safari/537.36";728;1517;6;6;6;6;6;6;6;6;6;6;"5d8934dc4c680f00181616f8";6;6;6;6;"9";"c426fd9c-0455-4f30-ae42-c0ac32892738";"noID";-1,46153846153846;-0,461538461538462;0,0833333333333333;0;0,315972222222222;0,739303121121303;0,890782828282828;0,762850306497203;1,90697674418605;2,20512820512821;4;4;3;13;3;9;0;1;13;13;0;0;1;0;-0,695652173913043;-0,582236842105263;NA;NA;NA;NA;"USA"
"84";6;7;8;3;1;7;6;1;"master";"";9;"1";6;6,25;0,4;6,125;6,25;1,25;"en-US";"en-US";"Win32";864;1536;435;1536;"America/Chicago";360;"Mozilla/5.0 (Windows NT 10.0; Win64; x64; rv:120.0) Gecko/20100101 Firefox/120.0";703;1536;7;7;6;6;6;5;5;7;5;7;"5c37aa8b832a8400010983b3";7;7;6;5;"1";"63dd8ee9-cb8a-4af2-83b0-093bbcf89372";"noID";-1,41176470588235;-0,470588235294118;0,125;0,368421052631579;0,298828125;0,691773922648136;0,566171875;0,672461824878263;2,61611374407583;2;4;4;5;17;2;10;1;4;34;33;1;1;1,02941176470588;0;-0,230476190476191;-0,36095658290172;13;0;1;0,205128205128205;"USA"
"85";8;8;8;8;1;5;4;1;"bachelor";"";10;"7";8;5;1;6;6;1,25;"en-US";"en-US";"Win32";864;1536;436;1536;"America/New_York";300;"Mozilla/5.0 (Windows NT 10.0; Win64; x64) AppleWebKit/537.36 (KHTML, like Gecko) Chrome/119.0.0.0 Safari/537.36";730;1536;6;6;6;6;6;6;6;6;5;6;"59296fb2e8a7ff000163f033";6;6;6;6;"1";"20bd861f-1d87-4e61-913e-d024b09f8319";"noID";-0,4;-0,333333333333333;0,0714285714285714;0,103448275862069;0,114795918367347;0,463850940017988;0,689167974882261;0,691973782751383;1,375;2,78095238095238;5;5;2;15;5;10;0;0;15;15;0;0;1;0;0,440993788819874;-0,258561643835616;5;-2;1;0;"USA"
"86";7;5;5;5;1;3;2;1;"highschool";"";11;"4";5,5;2,75;1;3,625;4,25;1,25;"en-US";"en-US";"Win32";864;1536;436;1536;"America/Phoenix";420;"Mozilla/5.0 (Windows NT 10.0; Win64; x64) AppleWebKit/537.36 (KHTML, like Gecko) Chrome/120.0.0.0 Safari/537.36";742;1536;7;4;4;4;4;4;1;1;3;3;"5b0d1b8e444cef0001ca66ac";3;5;4;5;"1";"6f267ccd-2e85-464d-98c9-0312b9a43ab8";"noID";-0,714285714285714;-0,357142857142857;0,0769230769230769;0,136363636363636;0,0828402366863905;0,398518566517926;0,643984220907298;0,628614003442703;3,07142857142857;3,69230769230769;7;6;5;14;1;6;2;5;14;12;2;2;1,14285714285714;0;0,290140845070423;-0,204918032786885;4;0;1;0;"USA"
"87";6;6;6;6;1;1;1;1;"bachelor";"n";12;"11";6;1;1;1,875;1;1,25;"en-US";"en-US";"Win32";864;1536;436;1536;"America/Phoenix";420;"Mozilla/5.0 (Windows NT 10.0; Win64; x64) AppleWebKit/537.36 (KHTML, like Gecko) Chrome/120.0.0.0 Safari/537.36";726;1536;3;1;2;1;1;4;1;2;1;1;"5589c7cefdf99b18bd86cf31";1;1;1;1;"11";"7e9b851f-ccfc-4584-a032-87c1e7e982f1";"noID";-2,76923076923077;-0,923076923076923;0,115384615384615;0,0810810810810811;0,0555555555555556;0,220908995149186;0,185500841750842;0,489243402786794;7,4;6,5;12;4;6;13;0;12;0;1;18;18;0;0;2,88888888888889;0;-0,0588235294117602;-0,00371747211895778;3;-3;0,916666666666667;0;"USA"
"88";8;7;7;7;1;7;5;1;"bachelor";"no";13;"4";7,25;6;0,24;5,375;6,75;1;"en-US";"en-US";"Win32";900;1600;435;1600;"America/Chicago";360;"Mozilla/5.0 (Windows NT 10.0; Win64; x64) AppleWebKit/537.36 (KHTML, like Gecko) Chrome/120.0.0.0 Safari/537.36";751;1600;7;2;6;4;7;4;7;6;5;7;"570bc1ffb9b52b00102db939";7;7;6;7;"1";"7b33131c-d307-4702-91b0-9b25a4a6fc48";"noID";-2,8;-1;0,0857142857142857;0,15;0,0994897959183673;0,373322130440059;0,440345368916798;0,646345368163519;5,96610169491525;6,73333333333333;14;5;5;15;0;15;0;0;18;18;0;0;2,33333333333333;0;NA;-0,128279883381924;5;-3;1;0,1;"USA"
"89";9;9;8;9;1;7;7;1;"bachelor";"no";14;"3";8,75;7;1;5,625;7;2;"en-US";"en-US";"MacIntel";900;1440;435;1440;"America/Los_Angeles";480;"Mozilla/5.0 (Macintosh; Intel Mac OS X 10_15_7) AppleWebKit/537.36 (KHTML, like Gecko) Chrome/119.0.0.0 Safari/537.36";813;1440;7;4;5;6;6;5;5;7;7;7;"6486aa634b94f1dd568fd487";7;7;7;7;"1";"21a8ba8d-27b8-49f8-ae0f-bf7c368aba85";"noID";-2,6;-1;0,080952380952381;0,193548387096774;0,104591836734694;0,453943216018405;0,706043956043956;0,666961151835182;2,12765957446809;2,93333333333333;5;5;4;15;0;15;0;0;17;17;0;0;1;0;NA;-0,177829099307159;NA;NA;NA;NA;"USA"
"90";6;6;8;2;1;6;6;1;"phd";"";15;"8";5,5;5;1;4,125;5,25;1;"en-US";"en-US";"Win32";1080;1920;435;1920;"America/New_York";300;"Mozilla/5.0 (Windows NT 10.0; Win64; x64) AppleWebKit/537.36 (KHTML, like Gecko) Chrome/119.0.0.0 Safari/537.36";919;1920;7;3;7;1;7;2;2;4;2;6;"5b0319e68d753d0001cc75c7";6;4;5;6;"11";"d8a91574-98c8-4f04-98ae-445018bb73e0";"noID";-0,235294117647059;-0,117647058823529;0,0625;0,0535714285714286;0,265625;0,663995039526954;0,880208333333333;0,793045572864629;4,05882352941176;5,63235294117647;12;4;3;17;6;8;3;0;17;8;9;2;2,11764705882353;0;-0,349551856594112;-0,521643433602348;10;0;1;0;"USA"
"91";7;8;8;6;1;6;5;1;"bachelor";"";16;"6";7,25;5,5;1;5,25;6;1;"en-US";"en-US";"Win32";1080;1920;435;1879;"America/New_York";300;"Mozilla/5.0 (Windows NT 10.0; Win64; x64) AppleWebKit/537.36 (KHTML, like Gecko) Chrome/118.0.0.0 Safari/537.36 OPR/104.0.0.0";962;1879;7;6;5;5;5;4;5;5;6;5;"603d6ae665fbaacb5621ede2";6;6;7;5;"10";"23efd63d-7bd1-4d47-b6b0-d0242906b1eb";"noID";-2,25;-0,75;0,121212121212121;0,103448275862069;0,0661157024793388;0,223698969134314;0,28198347107438;0,328601761666982;3,22222222222222;3,03030303030303;6;5;6;12;1;10;0;1;16;14;2;0;1,1875;0;-0,333333333333333;-0,242718446601942;3;0;0,84;0,333333333333333;"USA"
"92";9;9;9;9;1;6;5;1;"highschool";"No thank you";17;"6";9;5,5;0,32;3;6,25;1;"en-US";"en-US";"Win32";1080;1920;435;1920;"America/New_York";300;"Mozilla/5.0 (Windows NT 10.0; Win64; x64) AppleWebKit/537.36 (KHTML, like Gecko) Chrome/119.0.0.0 Safari/537.36";957;1920;5;1;4;2;5;1;1;5;5;6;"654580dcf53f11ae40ade9fd";7;6;5;7;"3";"1d6b01e6-4c74-426f-8c9c-3636920a2c54";"noID";-1,15384615384615;-0,307692307692308;0,153846153846154;0,309278350515464;0,284722222222222;0,621654457539625;0,49726430976431;0,606186097638471;6,85606060606061;4,79487179487179;8;3;6;13;4;8;1;0;24;7;17;6;2,79166666666667;0;0,0604255319148938;-0,453920515574651;10;0;1;0,177777777777778;"USA"
"93";2;7;2;7;1;1;1;1;"highschool";"I had a lot of issues while completing the study but was able to record how I feel and complete but had to switch browsers to complete thanks for letting take part and share my opinion.";18;"11";4,5;1,75;1;1,375;1;1;"en-US";"en-US";"Win32";768;1366;435;1318;"America/Los_Angeles";480;"Mozilla/5.0 (Windows NT 10.0; Win64; x64) AppleWebKit/537.36 (KHTML, like Gecko) Chrome/120.0.0.0 Safari/537.36 Edg/120.0.0.0";646;1318;4;1;1;1;1;1;1;1;4;1;"5bdfb648484288000130dad0";1;1;1;1;"10";"31d6b4fe-e84c-45fb-beca-83e2454e99b8";"noID";-2,07692307692308;-0,692307692307692;0,0961538461538461;0;0,166666666666667;0,418145035551371;0,54648569023569;0,672849781702704;4,30769230769231;5,48717948717949;12;5;4;13;1;10;0;2;15;4;11;11;2,33333333333333;0;0,395973154362416;-0,384615384615385;6;-3;1;0;"USA"
"94";9;9;9;9;1;4;1;1;"highschool";"";19;"6";9;3,25;1;2,75;4,25;1,5;"en-US";"en-US";"Win32";720;1280;436;1280;"America/Port-au-Prince";300;"Mozilla/5.0 (Windows NT 10.0; Win64; x64) AppleWebKit/537.36 (KHTML, like Gecko) Chrome/119.0.0.0 Safari/537.36";632;1280;7;1;4;1;3;1;1;4;4;4;"64d50c4b3a44318d98f4f5b2";5;4;4;4;"6";"89db5849-2034-466c-a8ed-2817eba8325d";"noID";-0,166666666666667;0;0,0833333333333333;0;0,107438016528926;0,342434947299078;0,535537190082645;0,679461501597685;3,6969696969697;4,87878787878788;10;6;6;12;5;5;2;0;11;5;6;4;1,72727272727273;0;0,112903225806453;-0,0731707317073171;3;0;1;0;"USA"
"95";6;5;4;4;1;2;2;1;"highschool";"";20;"9";4,75;1,75;1;2,25;1,25;1;"en-US";"en-US";"Win32";768;1366;179;1366;"America/Los_Angeles";480;"Mozilla/5.0 (Windows NT 10.0; Win64; x64) AppleWebKit/537.36 (KHTML, like Gecko) Chrome/109.0.0.0 Safari/537.36";657;1366;3;1;3;1;4;1;1;4;1;2;"5ec1c41a1f98090e8c119332";2;1;1;1;"9";"1e3031d9-8399-4c06-aa8c-3fe0c319be36";"noID";-0,538461538461538;-0,230769230769231;0,0897435897435897;0,146341463414634;0,263888888888889;0,463347939073892;0,638257575757576;0,751479061896737;2,22727272727273;2,43589743589744;4;4;4;13;4;7;1;1;14;13;1;3;1;0;0,0485436893203875;-0,683366733466933;3;0;0,904761904761905;0,333333333333333;"USA"
"96";7;7;7;7;1;4;4;1;"highschool";"Interesting study.";21;"8";7;4,25;0,84;3,875;5;2;"es-US";"en-US";"MacIntel";900;1440;435;1440;"America/Chicago";360;"Mozilla/5.0 (Macintosh; Intel Mac OS X 10_15_7) AppleWebKit/537.36 (KHTML, like Gecko) Chrome/120.0.0.0 Safari/537.36";699;1440;2;4;3;3;5;5;3;6;4;5;"64402f7ad3d019dc99b9f3f0";5;5;5;5;"7";"97cbf725-0fa3-4f23-b7ba-78b6465f8576";"noID";-0,461538461538462;-0,0769230769230769;0,108974358974359;0,241935483870968;0,333333333333333;0,775883827804649;0,835858585858586;0,724314893085124;2,27027027027027;2,01282051282051;3;3;5;13;5;6;1;1;17;17;0;0;1;0;0,0836879432624113;-0,547579757975797;10;0;1;0,0888888888888889;"USA"
"97";5;6;4;6;1;6;5;1;"bachelor";"";22;"3";5,25;5,75;1;5,25;5,25;2;"en-US";"en-US";"MacIntel";841;1402;435;1398;"America/Los_Angeles";480;"Mozilla/5.0 (Macintosh; Intel Mac OS X 10_15_7) AppleWebKit/537.36 (KHTML, like Gecko) Chrome/120.0.0.0 Safari/537.36";838;1398;7;7;4;4;7;3;5;5;5;7;"5d96eeed1998fb00177f6b71";5;5;5;6;"2";"fa866b32-85b4-417a-8c9d-46279a8b26c3";"noID";-0,615384615384615;0;0,0897435897435897;0,2;0,173611111111111;0,565279106858054;0,729166666666667;0,728197499955851;2,52380952380952;3,01282051282051;5;4;4;13;5;5;1;2;14;13;1;0;1,14285714285714;0;0,0819672131147541;-0,189542483660131;6;0;1;0,133333333333333;"USA"
"98";5;7;6;2;1;6;4;1;"bachelor";"I enjoyed learning about the mapping and wish I had more time to spend on the mapping project. Perhaps it could have been segregated into 2 parts with the 1st being the explanation, practice and tips/ideas for 12 feelings and the 2nd day to complete the mapping exercise, with a little more time.";23;"5";5;4,25;0,68;3;3,5;1,25;"en-US";"en-US";"Win32";864;1536;436;1536;"America/Chicago";360;"Mozilla/5.0 (Windows NT 10.0; Win64; x64) AppleWebKit/537.36 (KHTML, like Gecko) Chrome/119.0.0.0 Safari/537.36";707;1536;5;2;3;1;3;3;3;4;2;5;"6412285c18716831333d53b3";1;5;2;6;"1";"5513bc56-49b5-407e-a1ec-11c3b622c1cf";"noID";-0,615384615384615;-0,230769230769231;0,0769230769230769;0;0,458333333333333;1;1;0,775990762260204;1;1,84615384615385;2;2;1;13;1;4;5;3;12;12;0;0;1;0;-0,230769230769231;-1;12;0;1;0;"USA"
"99";8;7;6;4;1;5;3;1;"highschool";"none";24;"7";6,25;4,25;0,32;3;4,5;2;"en-US";"en-US";"MacIntel";900;1440;435;1440;"America/Chicago";360;"Mozilla/5.0 (Macintosh; Intel Mac OS X 10_15_7) AppleWebKit/537.36 (KHTML, like Gecko) Chrome/119.0.0.0 Safari/537.36";680;1440;3;1;5;1;6;3;1;4;3;6;"6148f3d1074988c7852c1774";6;4;3;5;"1";"81e088dc-8197-4240-8909-b25cc2dd15f2";"noID";-0,384615384615385;-0,0769230769230769;0,0833333333333333;0,0441176470588235;0,451388888888889;0,991735537190083;0,984848484848485;0,765956990320487;2,44897959183673;2,58974358974359;5;2;2;13;4;5;3;1;13;10;3;0;1,38461538461538;0;-0,174193548387096;-0,893595041322314;12;0;1;0,0151515151515152;"USA"
"100";7;7;7;7;1;4;4;1;"bachelor";"";25;"8";7;4;0,76;4,625;5;1,3625;"en-US";"en-US";"Win32";1057;1879;435;1880;"America/New_York";300;"Mozilla/5.0 (Windows NT 10.0; Win64; x64) AppleWebKit/537.36 (KHTML, like Gecko) Chrome/119.0.0.0 Safari/537.36";892;1880;7;3;6;4;6;1;4;6;4;4;"5bc9206a66d04800015cf314";5;5;5;5;"8";"e5a53319-be9b-489a-809f-f10e6c361cf0";"noID";-1,16666666666667;-0,416666666666667;0,0833333333333333;0;0,355371900826446;0,802308771172726;0,930578512396694;0,771718815205452;1,95652173913043;2,71212121212121;6;4;3;12;3;8;1;0;11;11;0;0;1,18181818181818;0;-0,264367816091954;-0,7262313860252;9;0;1;0;"USA"
"101";8;8;8;8;1;7;7;1;"bachelor";"none";26;"2";8;6,75;0,84;6,125;6,5;2;"en-US";"en-US";"MacIntel";1120;1792;435;1501;"America/New_York";300;"Mozilla/5.0 (Macintosh; Intel Mac OS X 10_15_7) AppleWebKit/537.36 (KHTML, like Gecko) Chrome/119.0.0.0 Safari/537.36";936;1501;7;5;5;6;7;7;6;6;6;7;"63cc61687ea57d11f6761f4d";7;6;6;7;"1";"ccc82645-bd2f-4f09-b570-2012a6da06f3";"noID";-0,0714285714285714;-0,0714285714285714;0,0769230769230769;0;0,0828402366863905;0,285395432751672;0,501972386587771;0,696491429139916;1,5;3,40659340659341;7;7;3;14;0;1;7;6;14;14;0;0;1;0;-0,120000000000003;-0,159235668789809;4;0;0,88235294117647;0;"USA"
"102";3;5;5;3;1;5;3;1;"bachelor";"n/a";27;"4";4;5,5;1;4,25;5;2;"en-US";"en-US";"MacIntel";900;1440;435;1374;"America/Chicago";360;"Mozilla/5.0 (Macintosh; Intel Mac OS X 10_15_7) AppleWebKit/537.36 (KHTML, like Gecko) Chrome/109.0.0.0 Safari/537.36";734;1374;6;3;5;3;5;4;3;5;7;7;"60fdd5732c9e665b27eac15e";5;5;5;5;"1";"ed40edef-6eae-49c7-8608-2d66f20651a4";"noID";-0,846153846153846;-0,307692307692308;0,0769230769230769;0;0,142361111111111;0,513928094969335;0,756313131313131;0,739162475253012;2,55555555555556;4,28205128205128;10;5;3;13;2;6;1;4;12;7;5;2;1,58333333333333;0;-0,305439330543933;-0,0833333333333333;5;0;1;0;"USA"
"103";9;9;9;9;1;7;7;1;"highschool";"This was fun.  It took me a while to get the hang of the mind map, so I was running out of time at the end, and in a rush.  Thank you for letting me participate. ";28;"1";9;7;0,2;6,25;7;1,25;"en-US";"en-US";"Win32";864;1536;436;1536;"America/Los_Angeles";480;"Mozilla/5.0 (Windows NT 10.0; Win64; x64) AppleWebKit/537.36 (KHTML, like Gecko) Chrome/120.0.0.0 Safari/537.36";703;1536;7;7;7;7;7;1;7;7;7;7;"5fb08ec5ddc19949a58f5a4f";7;7;7;7;"2";"99a2e5b9-e829-495b-a6ab-769a0013f01b";"noID";-2,69230769230769;-0,923076923076923;0,128205128205128;0,346153846153846;0,0868055555555556;0,33061701440266;0,237584175084175;0,524856542673783;5,85555555555556;4,66666666666667;10;5;7;13;0;12;1;0;20;20;0;0;2,15;0;-0,0810810810810847;-0,0389610389610393;3;0;0,869565217391304;0,666666666666667;"USA"
"104";3;2;6;2;1;2;4;1;"bachelor";"";29;"6";3,25;4,75;0,68;3,125;3,25;1;"en-US";"en-US";"Linux x86_64";768;1366;435;1366;"America/New_York";300;"Mozilla/5.0 (X11; CrOS x86_64 14816.131.0) AppleWebKit/537.36 (KHTML, like Gecko) Chrome/103.0.0.0 Safari/537.36";649;1366;6;1;2;6;3;4;1;2;7;6;"638468d6652b6288319b9c4f";3;5;2;3;"5";"c47d22b7-fd0e-4e78-a735-fa7cb8f86b24";"noID";0,5;0,0833333333333333;0,121212121212121;0,176470588235294;0,115702479338843;0,414673953087559;0,51404958677686;0,503542915995974;4,01162790697674;3,74242424242424;8;5;7;12;4;3;0;5;16;12;4;2;1,5;0;-0,256544502617801;-0,12;4;0;0,857142857142857;0,166666666666667;"USA"
"105";7;6;4;6;1;3;2;1;"bachelor";"";30;"7";5,75;2,75;1;4,25;4;1;"en-US";"en-US";"MacIntel";900;1440;435;1440;"America/Indianapolis";300;"Mozilla/5.0 (Macintosh; Intel Mac OS X 10_15_7) AppleWebKit/537.36 (KHTML, like Gecko) Chrome/118.0.0.0 Safari/537.36";788;1440;7;2;2;2;5;4;7;5;3;3;"5c95493ddd325800166f838a";5;5;3;3;"5";"7ef5354d-cbba-4038-8ea6-3ee2e35fab91";"noID";-1;-0,307692307692308;0,108974358974359;0,384615384615385;0,107638888888889;0,34980483549571;0,508838383838384;0,529849899951353;2,20454545454545;2,66666666666667;6;6;5;13;3;7;0;3;17;17;0;1;1;0;0,228865979381445;-0,263788968824939;4;-1;1;0,166666666666667;"USA"
"106";9;9;9;9;1;7;5;1;"master";"this was an interesting study";31;"3";9;5,5;0;6,75;7;1,5;"en-GB";"en-GB";"Win32";720;1280;436;1280;"America/Indianapolis";300;"Mozilla/5.0 (Windows NT 10.0; Win64; x64) AppleWebKit/537.36 (KHTML, like Gecko) Chrome/120.0.0.0 Safari/537.36";563;1280;7;6;7;7;7;6;7;7;3;7;"645d33a2abc8fe8abb1aa87a";7;7;7;7;"4";"2580a74b-b9c5-4272-b83c-f46a72725393";"noID";-1,5;-0,5;0,0833333333333333;0;0,107438016528926;0,390527748834594;0,580165289256198;0,599625803451724;1,58823529411765;3,6969696969697;8;5;2;12;1;7;1;3;11;10;1;0;1,27272727272727;0;-0,609756097560975;-0,675496688741722;3;0;1;0;"USA"
"107";8;8;8;8;1;2;2;1;"highschool";"no";32;"9";8;2,5;1;1,375;3,5;1,08;"en-US";"en-US";"Win32";1000;1778;435;1520;"America/New_York";300;"Mozilla/5.0 (Windows NT 10.0; Win64; x64) AppleWebKit/537.36 (KHTML, like Gecko) Chrome/120.0.0.0 Safari/537.36 Edg/120.0.0.0";856;1520;4;1;1;1;1;1;1;1;3;3;"63978402e524eebeace93868";5;4;2;3;"10";"e307ac97-d8dd-4b99-b3c6-5e62b78eb3ca";"noID";-1,46153846153846;-0,692307692307692;0,134615384615385;0,315789473684211;0,170138888888889;0,511656277235739;0,577020202020202;0,591917391025738;2,7625;2,43589743589744;6;4;6;13;1;10;2;0;21;21;0;0;1,28571428571429;0;-0,267605633802816;-0,204918032786886;7;0;1;0,142857142857143;"USA"
"108";7;7;7;7;1;1;1;1;"highschool";"";33;"10";7;1,25;1;2,625;1,75;1;"en-US";"en-US";"Win32";1080;1920;435;922;"America/Los_Angeles";480;"Mozilla/5.0 (Windows NT 10.0; Win64; x64) AppleWebKit/537.36 (KHTML, like Gecko) Chrome/119.0.0.0 Safari/537.36";889;922;6;1;2;1;5;1;1;4;1;2;"5d8a64630ffb9c001746ca2c";2;2;1;2;"1";"b90743d8-4751-4868-83ef-f08e54b971bb";"noID";-1,30769230769231;-0,769230769230769;0,108974358974359;0,3125;0,197916666666667;0,542470199444497;0,509469696969697;0,685615553323878;2,8;3,32051282051282;7;4;4;13;1;11;0;1;17;16;1;1;1,41176470588235;0;-0,152542372881355;-0,241408934707904;7;0;1;0,238095238095238;"USA"
"109";9;9;9;9;1;3;4;1;"bachelor";"The amount of false information on this issue is staggering. I cannot stand fear mongering in order to benefit new markets.";34;"7";9;2,25;0,6;3,875;5,75;2;"en-US";"en-US";"MacIntel";956;1470;435;1470;"America/Denver";420;"Mozilla/5.0 (Macintosh; Intel Mac OS X 10_15_7) AppleWebKit/605.1.15 (KHTML, like Gecko) Version/17.1 Safari/605.1.15";867;1470;7;1;6;1;7;3;2;4;1;1;"651f8f555a5fde411587c859";7;7;2;7;"4";"5cef7f4a-4a4f-49bc-909e-2c256ab6ed40";"noID";-1,30769230769231;-0,461538461538462;0,0769230769230769;0;0,458333333333333;1;1;0,775990762260204;1,69230769230769;1,84615384615385;2;2;2;13;3;9;1;0;12;12;0;0;1;0;-0,806451612903226;-1;12;0;1;0;"USA"
"110";5;5;5;4;1;5;5;1;"highschool";"I would have like the option to review the complete instruction while making the map. The context about the strength of the connection was hazy.";35;"9";4,75;4;1;2,25;5;1,1;"en-US";"en-US";"MacIntel";1080;1920;435;1745;"America/Chicago";360;"Mozilla/5.0 (Macintosh; Intel Mac OS X 10_15_7) AppleWebKit/537.36 (KHTML, like Gecko) Chrome/120.0.0.0 Safari/537.36";850;1745;3;3;3;1;3;1;1;3;2;4;"631a68ee10ec68377cb03457";5;5;5;5;"1";"6b4b17f8-ef70-4886-81c9-6cf973857cf5";"noID";-1,15384615384615;-0,538461538461538;0,0897435897435897;0;0,173611111111111;0,506729310931348;0,647516835016835;0,694919207152378;2,30434782608696;3,88461538461538;9;5;3;13;3;10;0;0;14;14;0;0;1,64285714285714;0;0,416666666666672;-0,268292682926829;6;-1;1;0;"USA"
"111";8;6;7;6;1;1;1;1;"bachelor";"n/a";36;"8";6,75;1,25;1;2,625;1,75;1;"en-US";"en-US";"Win32";1080;1920;435;1920;"America/Chicago";360;"Mozilla/5.0 (Windows NT 10.0; Win64; x64) AppleWebKit/537.36 (KHTML, like Gecko) Chrome/120.0.0.0 Safari/537.36";963;1920;3;1;4;1;5;1;1;5;1;2;"62e2deadd18974300540f870";2;2;1;2;"9";"d2d54648-9658-4471-85ab-16029014067b";"noID";-0,0769230769230769;0;0,198717948717949;0,576158940397351;0,326388888888889;0,822722784923742;0,608164983164983;0,588527383152124;5,15294117647059;4,41025641025641;6;2;4;13;6;6;1;0;31;16;15;9;2,83870967741935;0;0,13888888888889;-0,307890499194847;12;0;1;0,287878787878788;"USA"
"112";8;9;9;8;1;5;4;1;"bachelor";"";37;"7";8,5;4,5;0,52;4,625;6;1;"en-US";"en-US";"Win32";1080;1920;435;1525;"America/New_York";300;"Mozilla/5.0 (Windows NT 10.0; Win64; x64) AppleWebKit/537.36 (KHTML, like Gecko) Chrome/119.0.0.0 Safari/537.36";879;1525;7;3;7;3;7;1;2;7;4;5;"5deb638bff7f7126d6fb5142";7;6;5;6;"8";"4b85dbb7-184c-4310-ba58-1872b5f1a6d0";"noID";-1,375;-0,5;0,0625;0;0,217777777777778;0,617892710443861;0,853333333333333;0,789668021176052;1,31818181818182;2,6;4;4;2;16;4;12;0;0;15;15;0;2;1;0;0,440993788819874;-0,353006681514477;8;-2;1;0;"USA"
"113";6;7;7;6;1;3;1;1;"master";"";38;"10";6,5;2,25;0,64;3,375;4;1;"en-US";"en-US";"Win32";768;1366;435;1366;"America/Chicago";360;"Mozilla/5.0 (Windows NT 10.0; Win64; x64) AppleWebKit/537.36 (KHTML, like Gecko) Chrome/119.0.0.0 Safari/537.36";641;1366;5;1;4;4;4;4;1;4;1;4;"62dc177e02f82aabb20aebc2";5;5;1;5;"11";"ab0517e9-d552-4b25-bca5-88f22403fa49";"noID";-1,75;-0,583333333333333;0,0833333333333333;0;0,206611570247934;0,598768510900864;0,793388429752066;0,738759215423189;1,72;2,45454545454545;4;4;3;12;1;8;0;3;11;11;0;0;1;0;-0,12820512820513;-0,431818181818182;6;0;1;0;"USA"
"114";7;7;7;8;1;5;5;1;"bachelor";"no";39;"11";7,25;4,75;1;4,875;4,75;1,25;"en-US";"en-US";"Win32";864;1536;436;1536;"America/Chicago";360;"Mozilla/5.0 (Windows NT 10.0; Win64; x64) AppleWebKit/537.36 (KHTML, like Gecko) Chrome/119.0.0.0 Safari/537.36";739;1536;3;6;4;4;6;5;6;5;4;5;"60859f820e5009a67adb3921";5;5;4;5;"7";"1b4fca24-701b-47a4-a97d-9309dc76bc9a";"noID";0,153846153846154;0;0,0833333333333333;0;0,0902777777777778;0,328082358289338;0,525252525252525;0,692234089775925;1,85714285714286;3,33333333333333;8;8;4;13;6;6;1;0;13;13;0;0;1;0;0,261363636363639;0,0787401574803148;4;0;1;0;"USA"
"115";6;5;5;6;1;2;2;1;"bachelor";"There are a few spelling mistakes and typos in the study.  ";40;"7";5,5;3,25;1;2,375;4,5;1;"en-US";"en-US";"Win32";1080;1920;435;1920;"America/New_York";300;"Mozilla/5.0 (Windows NT 10.0; Win64; x64) AppleWebKit/537.36 (KHTML, like Gecko) Chrome/119.0.0.0 Safari/537.36";963;1920;2;2;4;1;4;1;1;4;3;6;"65562093cb3d4b04b4d3e8da";5;6;2;5;"3";"d0515546-4e0e-4503-b026-23d3c77707da";"noID";-1,08333333333333;-0,416666666666667;0,0984848484848485;0,25;0,140495867768595;0,483959670231729;0,67603305785124;0,681729078784506;3,45161290322581;5,31818181818182;13;5;4;12;2;7;1;2;13;12;1;0;2;0;-0,213333333333334;-0,106382978723405;5;0;1;0,1;"USA"
"116";NA;NA;NA;NA;1;NA;NA;1;NA;NA;41;NA;NA;NA;NA;NA;NA;2;"en-US";"en-US";"MacIntel";900;1440;435;1440;"America/Denver";420;"Mozilla/5.0 (Macintosh; Intel Mac OS X 10_15_7) AppleWebKit/537.36 (KHTML, like Gecko) Chrome/119.0.0.0 Safari/537.36";790;1440;NA;NA;NA;NA;NA;NA;NA;NA;NA;NA;"63cedc8a97a0bb604736baea";NA;NA;NA;NA;NA;"2b89168e-c146-4d72-b4ee-9760354aed6a";"noID";-1,83333333333333;-0,583333333333333;0,0909090909090909;0,157894736842105;0,0991735537190083;0,382517256322508;0,44297520661157;0,653155521457982;2,40625;3,59090909090909;8;5;4;12;1;8;2;1;12;10;2;0;1,25;0;-0,180327868852458;0,120418848167539;4;0;1;0,166666666666667;"USA"
"117";9;9;9;9;1;7;7;1;"bachelor";"Lots to think about. Thank you for the opportunity!  We'll keep trying on our end to conserve.  My husband and I are committed to doing our part.";42;"9";9;6,75;0,36;5,75;7;2;"en-US";"en-US";"MacIntel";900;1440;435;1237;"America/Chicago";360;"Mozilla/5.0 (Macintosh; Intel Mac OS X 10_15_7) AppleWebKit/537.36 (KHTML, like Gecko) Chrome/120.0.0.0 Safari/537.36";664;1237;2;5;6;6;7;6;7;7;6;7;"647648baa82fb44bb109f367";7;7;7;7;"10";"9234bed4-391b-4013-b403-15f845110f5e";"noID";-0,461538461538462;-0,153846153846154;0,108974358974359;0,169811320754717;0,288194444444444;0,674174634143286;0,717171717171717;0,716139517347076;6,30769230769231;5,75641025641026;9;3;5;13;5;7;1;0;17;7;10;4;2,76470588235294;0;-0,212403100775192;-0,443023255813953;9;0;1;0,0833333333333333;"USA"
"118";8;9;8;7;1;6;5;1;"highschool";"";43;"5";8;5,25;0,44;5;6,25;1;"en-US";"en-US";"Win32";768;1366;435;1366;"America/New_York";300;"Mozilla/5.0 (Windows NT 10.0; Win64; x64) AppleWebKit/537.36 (KHTML, like Gecko) Chrome/119.0.0.0 Safari/537.36";689;1366;5;3;5;6;7;4;6;4;5;5;"5f35cd449bf003039842077f";6;7;6;6;"9";"0d3e1684-6c94-4e12-a3bc-208b4ca6a237";"noID";1,30769230769231;0,461538461538462;0,0769230769230769;0;0,142361111111111;0,436868761868762;0,599747474747475;0,640203549287784;4,78571428571429;5,41025641025641;11;4;4;13;9;3;1;0;12;9;3;2;1,91666666666667;0;0,247386759581882;-0,752808988764045;3;0;1;0;"USA"
"119";8;9;9;7;1;7;7;1;"bachelor";"Good luck on your research!";44;"3";8,25;6,75;0,04;6;6,75;0,9;"en-US";"en-US";"Win32";768;1366;435;1509;"America/New_York";300;"Mozilla/5.0 (Windows NT 10.0; Win64; x64) AppleWebKit/537.36 (KHTML, like Gecko) Chrome/120.0.0.0 Safari/537.36 Edg/120.0.0.0";688;1508;7;2;7;7;7;4;7;7;6;7;"629a7466cebc9523d66d4d8e";7;7;6;7;"10";"99743e4f-f8a6-4f5b-b0b6-a859ee32c7fc";"noID";-0,466666666666667;-0,133333333333333;0,1;0,25;0,237244897959184;0,568011510399579;0,648351648351648;0,643822889555411;3,90566037735849;4,87619047619048;9;3;4;15;6;8;0;1;21;13;8;0;2,38095238095238;0;0,257367387033399;-0,541340295909486;6;-3;0,863636363636364;0,266666666666667;"USA"
"120";9;9;9;9;1;7;7;1;"bachelor";"Nothing else to add, thank you.";45;"9";9;7;0,76;7;7;1,25;"en-US";"en-US";"Win32";1152;2048;436;2048;"America/Phoenix";420;"Mozilla/5.0 (Windows NT 10.0; Win64; x64) AppleWebKit/537.36 (KHTML, like Gecko) Chrome/120.0.0.0 Safari/537.36";1003;2048;7;7;7;7;7;7;7;7;7;7;"6406300d0af7758269c8dc0b";7;7;7;7;"2";"09bee700-776d-494a-88d5-023d9f7a72ee";"noID";-0,266666666666667;0;0,119047619047619;0,397058823529412;0,102040816326531;0,446562158872818;0,514717425431711;0,55818810016383;3,32394366197183;3,65714285714286;9;4;5;15;7;7;0;1;25;14;11;9;1,72;0;0,267872523686478;0,00110987791342879;6;0;1;0,2;"USA"
"121";9;8;9;7;1;7;6;1;"highschool";"";46;"3";8,25;6,75;0,6;5,125;6,75;1,125;"en-US";"en-US";"Win32";864;1536;436;1707;"America/Chicago";360;"Mozilla/5.0 (Windows NT 10.0; Win64; x64) AppleWebKit/537.36 (KHTML, like Gecko) Chrome/119.0.0.0 Safari/537.36";842;1707;7;4;7;2;7;3;5;6;7;7;"58cbd0a55d42920001414dd3";7;7;6;7;"1";"a80ea765-68ab-4271-9f18-16bc8af11487";"noID";-1,5;-0,428571428571429;0,0989010989010989;0,225;0,142011834319527;0,367929360625405;0,561143984220907;0,646209742579384;2,5;4,57142857142857;11;6;3;14;3;9;0;2;18;14;4;1;1,83333333333333;0;0,320754716981133;-0,605405405405406;2;-3;0,857142857142857;0;"USA"
"122";8;8;8;8;1;7;6;1;"bachelor";"Very well done study. ";47;"2";8;6;0,08;6;7;1,25;"en-US";"en-US";"Win32";768;1366;436;1093;"America/New_York";300;"Mozilla/5.0 (Windows NT 10.0; Win64; x64) AppleWebKit/537.36 (KHTML, like Gecko) Chrome/120.0.0.0 Safari/537.36";526;1093;7;6;7;5;7;5;5;6;4;7;"5b7e118e87d85f0001baac27";7;7;7;7;"7";"eaa2d325-65e2-4d29-aee7-ccb7d7d6923d";"noID";2,75;1;0,0909090909090909;0,130434782608696;0,148760330578512;0,354707430340558;0,59504132231405;0,577768692715763;1,42857142857143;2,63636363636364;5;5;2;12;12;0;0;0;12;12;0;0;1;0;NA;-0,597523219814242;3;3;1;0,333333333333333;"USA"
"123";9;9;9;9;1;7;7;1;"master";"interesting study. thank you!";48;"2";9;6,25;0,16;6,25;7;1;"en-US";"en-US";"MacIntel";900;1440;435;1440;"America/Chicago";360;"Mozilla/5.0 (Macintosh; Intel Mac OS X 10.15; rv:109.0) Gecko/20100101 Firefox/115.0";705;1440;7;6;6;6;7;5;6;7;5;6;"5c347cb8bef9a20001e30950";7;7;7;7;"3";"e0d63498-a4b1-450f-8288-0cf56a5b106e";"noID";-0,307692307692308;-0,153846153846154;0,128205128205128;0,176470588235294;0,131944444444444;0,417092154333534;0,323863636363636;0,575713430035292;6,98809523809524;4,92307692307692;11;4;6;13;4;6;1;2;20;8;12;6;2,4;0;-0,331557922769642;-0,05865522174535;6;-2;1;0,133333333333333;"USA"
"124";8;8;8;5;1;2;2;1;"bachelor";"";49;"11";7,25;2,75;0,36;3,25;3,25;1;"en-US";"en-US";"Win32";1080;1920;435;1872;"America/New_York";300;"Mozilla/5.0 (Windows NT 10.0; Win64; x64) AppleWebKit/537.36 (KHTML, like Gecko) Chrome/120.0.0.0 Safari/537.36 Edg/120.0.0.0";958;1872;6;1;4;1;6;1;1;6;3;4;"5c7a94dc8fbcb100146b6dc7";4;4;2;3;"1";"af079255-9c4b-4c61-97aa-90dc1eea7113";"noID";-1,46153846153846;-0,538461538461538;0,0769230769230769;0;0,0520833333333333;0,278257973062377;0,481060606060606;0,640015748728792;1,38888888888889;3,61538461538462;8;8;3;13;2;9;1;1;12;12;0;0;1;0;0,18840579710145;0,186440677966102;3;0;0,90625;0;"USA"
"125";4;4;4;4;1;1;1;1;"bachelor";"I don't have any criticisms of the study. It all worked well on my end. No technical issues. ";50;"9";4;1,25;1;1;1,5;2;"en-US";"en-US";"MacIntel";900;1440;435;1440;"America/Denver";420;"Mozilla/5.0 (Macintosh; Intel Mac OS X 10_15_7) AppleWebKit/537.36 (KHTML, like Gecko) Chrome/119.0.0.0 Safari/537.36";790;1440;1;1;1;1;1;1;1;1;1;2;"61188057fe5a395476806c12";2;2;1;1;"11";"4f57300d-a785-4cce-ae9e-6632a27c4122";"noID";-1,38461538461538;-0,538461538461538;0,102564102564103;0,292682926829268;0,114583333333333;0,385723148477817;0,45770202020202;0,644848492026127;2,92592592592593;4,25641025641026;9;5;3;13;0;7;5;1;16;8;8;4;1,875;0;0,0303030303030303;-0,245801526717557;5;0;1;0,2;"USA"
"126";9;9;9;9;1;3;2;1;"highschool";"";51;"5";9;3;0,64;3,875;3;1;"en-US";"en-US";"Linux x86_64";768;1366;435;1366;"America/New_York";300;"Mozilla/5.0 (X11; CrOS x86_64 14541.0.0) AppleWebKit/537.36 (KHTML, like Gecko) Chrome/118.0.0.0 Safari/537.36";660;1366;3;5;3;2;6;3;3;6;3;4;"60c14a3e834adb62102cffa0";3;3;4;2;"3";"6a0f6455-11e4-4a1d-a94a-9c2d253379ce";"noID";-0,230769230769231;-0,153846153846154;0,0961538461538461;0,171428571428571;0,166666666666667;0,533898313953197;0,631313131313131;0,6894245115331;2,28571428571429;4,42307692307692;9;4;2;13;4;6;2;1;15;7;8;5;1,8;0;-0,119842829076621;-0,277027027027028;6;0;1;0,133333333333333;"USA"
"127";7;7;6;5;1;7;5;1;"highschool";"I did not get this study on Prolific the normal way and I just hope I get paid fairly.";52;"1";6,25;6,5;1;6;6,75;1;"en-US";"en-US";"Win32";1080;1920;435;1920;"America/Los_Angeles";480;"Mozilla/5.0 (Windows NT 10.0; Win64; x64) AppleWebKit/537.36 (KHTML, like Gecko) Chrome/120.0.0.0 Safari/537.36";963;1920;7;7;7;5;7;6;4;5;7;7;"5c395df5f5ebd50001850900";7;7;6;7;"1";"9e52898e-2f12-442d-9355-25de1f493c34";"noID";-0,357142857142857;-0,142857142857143;0,115384615384615;0,217391304347826;0,248520710059172;0,597515521111005;0,680802103879027;0,660262705768093;5,12068965517241;6,02197802197802;9;3;3;14;5;7;1;1;21;15;6;0;2,95238095238095;0;-0,0964812712826327;-0,518072289156626;9;0;1;0,0833333333333333;"USA"
"128";9;9;6;9;1;2;1;1;"highschool";"I have never taken a study like this one where I drew a map that way.  The instructions could have been very confusing, but they were clear and able to be followed easily";53;"11";8,25;1,75;0,6;1,625;4,5;1;"en-US";"en-US";"Win32";768;1366;435;1366;"America/Chicago";360;"Mozilla/5.0 (Windows NT 10.0; Win64; x64) AppleWebKit/537.36 (KHTML, like Gecko) Chrome/120.0.0.0 Safari/537.36";607;1366;4;1;1;3;1;1;1;1;1;3;"62d59a066ee263bb659aa445";6;5;2;5;"8";"629ef321-1eb8-4aed-ac12-505ca48b0f40";"noID";0;0;0,0897435897435897;0,125;0,0833333333333333;0,378993819317342;0,493055555555556;0,654760502218908;1,56;2,74358974358974;5;5;3;13;5;5;1;2;14;14;0;4;1;0;-0,0769230769230789;-0,387387387387387;4;0;0,814814814814815;0;"USA"
"129";9;9;9;9;1;7;4;1;"highschool";"Everything was good. The map was kind of confusing. i didn't know how to create the  map it took me forever to understand it. ";54;"1";9;5,25;0,76;2,5;6;2;"en-US";"en-US";"MacIntel";1050;1680;435;1091;"America/New_York";300;"Mozilla/5.0 (Macintosh; Intel Mac OS X 10_15_7) AppleWebKit/537.36 (KHTML, like Gecko) Chrome/120.0.0.0 Safari/537.36";811;1091;7;1;7;1;1;1;1;1;3;7;"63d13f2f59ef764f641406dd";7;7;6;4;"2";"e948cfe8-0c4d-4642-bdf8-26e9d3dc8caa";"noID";0,714285714285714;0,357142857142857;0,115384615384615;0,25;0,0828402366863905;0,163525218800262;0,190598290598291;0,52317725250814;2,20588235294118;2,37362637362637;5;5;5;14;8;3;2;1;21;21;0;4;1;0;-0,31707317073171;-0,289473684210526;5;0;1;0,2;"USA"
"130";NA;NA;NA;NA;1;NA;NA;1;NA;NA;55;NA;NA;NA;NA;NA;NA;1;"en-US";"en-US";"Win32";940;1927;435;1920;"America/New_York";300;"Mozilla/5.0 (Windows NT 10.0; Win64; x64) AppleWebKit/537.36 (KHTML, like Gecko) Chrome/120.0.0.0 Safari/537.36";933;1920;NA;NA;NA;NA;NA;NA;NA;NA;NA;NA;"5fff542aeed8c2065133114e";NA;NA;NA;NA;NA;"ff74c89c-f2cb-4126-8d9c-826d90b7da2e";"noID";-1,46153846153846;-0,538461538461538;0,108974358974359;0,171428571428571;0,0625;0,332711808364035;0,353745791245791;0,515377972309367;3,07692307692308;4,55128205128205;10;5;4;13;2;9;0;2;17;15;2;0;2;0;-0,449180327868848;-0,121527777777777;4;-2;0,954545454545454;0,166666666666667;"USA"
